[{"coverUrl":"https:\/\/img.zhaishuyuan.org\/0\/18\/18s.jpg","durChapterTitle":"第358章 冻结时间的天霜寒气 ","lastCheckTime":1644346930.253237,"durChapterTime":1646617603365.3669,"durChapterIndex":366,"tocUrl":"https:\/\/www.zhaishuyuan.org\/book\/0\/18\/","latestChapterTitle":"第372章 正式踏入顶级强者行列 ","intro":"　　这是一个以御兽为主流的异世界。当时宇携带技能图鉴穿越到这里，并培育出一堆奇葩宠兽后，所有御兽师的三观都破碎了……关键词：御兽、宠兽、宠物、召唤。","kind":"玄幻,连载,2022-02-08","origin":"https:\/\/www.zhaishuyuan.org#","wordCount":"204 万字","canUpdate":true,"latestChapterTime":1647182297826.53,"group":"1","type":0,"name":"不科学御兽","lastCheckCount":1,"id":1644202843.006851,"originName":"斋 书 苑","bookUrl":"https:\/\/www.zhaishuyuan.org\/book\/0\/18\/","originOrder":0,"readConfig":{"delTag":0,"reverseToc":false,"useReplaceRule":true,"pageAnim":-1,"reSegment":false},"totalChapterNum":381,"durChapterPos":0,"order":1,"author":"轻泉流响"},{"coverUrl":"http:\/\/inews.gtimg.com\/newsapp_ls\/0\/11773894748\/0","durChapterTitle":"第50话","lastCheckTime":1644236505.802484,"durChapterTime":1645891926.922163,"durChapterIndex":49,"tocUrl":"http:\/\/sinaappxx6.q236.cn\/post\/listOnload,{\"method\":\"POST\",\"body\":\"bookid=801\"}","latestChapterTitle":"第83话","intro":"隔壁的那个女人，她成了我的一个特别的家庭教师。“我会教你真正的技巧来激发女性！“（本图解由投稿人“笔生”原创出品，盗版必究）","kind":"真人","origin":"http:\/\/sinaappxx6.q236.cn\/post\/GetInfo","wordCount":"","canUpdate":true,"latestChapterTime":1644236693.5883901,"group":"0","type":0,"name":"邻家私教","lastCheckCount":0,"id":1644236505.8024831,"originName":"🎨 羞羞漫画","bookUrl":"http:\/\/sinaappxx6.q236.cn\/post\/infoOnload,{\"method\":\"POST\",\"body\":\"bookid=801\"}","originOrder":180,"readConfig":{"delTag":0,"reverseToc":false,"useReplaceRule":false,"pageAnim":-1,"reSegment":false},"totalChapterNum":83,"durChapterPos":0,"order":2,"author":"笔生"},{"coverUrl":"https:\/\/www.zhaishuyuan.org\/static\/zhaishuyuan\/nocover.jpg","durChapterTitle":"第215章 为国献身 ","lastCheckTime":1647184446842.9851,"durChapterTime":1647196500553.842,"durChapterIndex":218,"tocUrl":"https:\/\/www.zhaishuyuan.org\/book\/12\/12603\/","latestChapterTitle":"第241章 林秀的武道 ","intro":"　　林秀一觉醒来，世界已经截然不同。有人力拔山兮，扛峰举鼎；有人举目千里，一览无遗；有人御风而行，逍遥天地；有人隐形匿迹，来去无踪……秀就完了。","kind":"玄幻,连载,2022-03-13","origin":"https:\/\/www.zhaishuyuan.org#","wordCount":"102 万字","canUpdate":true,"latestChapterTime":1647184448096.26,"group":"1","type":0,"name":"公子别秀","lastCheckCount":0,"id":1647184262.465734,"originName":"斋 书 苑","bookUrl":"https:\/\/www.zhaishuyuan.org\/book\/12\/12603\/","originOrder":0,"readConfig":{"delTag":0,"reverseToc":false,"useReplaceRule":false,"pageAnim":-1,"reSegment":false},"totalChapterNum":245,"durChapterPos":8,"order":5,"author":"荣小荣"}]