[{"id":1644647599.3703609,"name":"xiao","url":"os:\n    java.fetchCloudTTS({\n    \"type\": 4,\n    \"name\": \"xiao\",\n    \"appKey\": \"\",\n    \"accessSecret\": \"\",\n    \"accessKey\": \"bb8df672fba74cc0b3c104bdbd5e49b9\",\n    \"voice\": \"zh-CN-XiaoxiaoNeural\",\n    \"speakText\": speakText,\n    \"speakSpeed\": speakSpeed\n})","customOrder":0},{"id":-16,"name":"B4003 度逍遥","url":"http:\/\/tsn.baidu.com\/text2audio,{\n    \"method\": \"POST\",\n    \"body\": \"tex={{java.encodeURI(java.encodeURI(speakText))}}&spd={{(speakSpeed + 5) \/ 10 + 4}}&per=4003&cuid=baidu_speech_demo&idx=1&cod=2&lan=zh&ctp=1&pdt=232&vol=5&aue=6&pit=5&_res_tag_=audio\"\n}","customOrder":5},{"id":1632245825170,"name":"小说听书自用版","url":"http:\/\/tsn.baidu.com\/text2audio,{\n\"method\": \"POST\",\n\"body\": \"tex={{java.encodeURI(java.encodeURI(speakText))}}&spd={{(speakSpeed + 4) \/ 10 + 3}}&per=4114&cuid=baidu_speech_demo&idx=1&cod=2&lan=zh&ctp=1&pdt=220&vol=6&aue=6&pit=5&_res_tag_=audio\"\n}","customOrder":61},{"id":1647196864317.98,"name":"小小","url":"os:\n    java.fetchCloudTTS({\n    \"type\": 4,\n    \"name\": \"小小\",\n    \"appKey\": \"\",\n    \"accessSecret\": \"\",\n    \"accessKey\": \"bb8df672fba74cc0b3c104bdbd5e49b9\",\n    \"voice\": \"zh-CN-XiaoxiaoNeural\",\n    \"region\": \"eastasia\",\n    \"speakText\": speakText,\n    \"speakSpeed\": speakSpeed\n})","customOrder":62}]