[{"id":1644234925.3015561,"beginChapterTitle":"第1话,螳螂捕蝉黄雀在后","bookUrl":"https:\/\/xapi.xinmanhua.net\/worksinfos\/357635760?include=chapters.digests","endChapterIndex":0,"beginChapterIndex":0,"time":1644234925.3020859,"deviceId":"5FD5217D-1E7B-476E-B6C5-1DB0C4D10C76","bookName":"黄雀传","deviceModel":"iPhone 11 Pro Max","deviceName":"ianphone","endTime":1644235071.012059,"beginPageIndex":0,"endPageIndex":0,"wordCount":22,"duration":145.70997416973114,"endChapterTitle":"第1话,螳螂捕蝉黄雀在后"},{"id":1644236509.539119,"bookUrl":"http:\/\/sinaappxx6.q236.cn\/post\/infoOnload,{\"method\":\"POST\",\"body\":\"bookid=801\"}","endChapterIndex":2,"beginChapterIndex":0,"time":1644236509.5406771,"deviceId":"5FD5217D-1E7B-476E-B6C5-1DB0C4D10C76","bookName":"邻家私教","deviceModel":"iPhone 11 Pro Max","deviceName":"ianphone","endTime":1644236547.674474,"beginPageIndex":0,"endPageIndex":0,"wordCount":84,"duration":38.133797883987427,"endChapterTitle":"第3话"},{"id":1644236707.8657651,"beginChapterTitle":"第3话","bookUrl":"http:\/\/sinaappxx6.q236.cn\/post\/infoOnload,{\"method\":\"POST\",\"body\":\"bookid=801\"}","endChapterIndex":2,"beginChapterIndex":2,"time":1644236707.8666282,"deviceId":"5FD5217D-1E7B-476E-B6C5-1DB0C4D10C76","bookName":"邻家私教","deviceModel":"iPhone 11 Pro Max","deviceName":"ianphone","endTime":1644236712.4849041,"beginPageIndex":0,"endPageIndex":0,"wordCount":22,"duration":4.618276834487915,"endChapterTitle":"第3话"},{"id":1644236772.001955,"beginChapterTitle":"第六十章：空灵石","bookUrl":"http:\/\/statics.ywpxg.com\/static\/book\/zip\/23\/45226.zip","endChapterIndex":60,"beginChapterIndex":60,"time":1644236772.0027561,"deviceId":"5FD5217D-1E7B-476E-B6C5-1DB0C4D10C76","bookName":"不科学御兽","deviceModel":"iPhone 11 Pro Max","deviceName":"ianphone","endTime":1644237277.8079581,"beginPageIndex":1,"endPageIndex":3,"wordCount":644,"duration":505.80520284175873,"endChapterTitle":"第六十章：空灵石"},{"id":1644237278.9372029,"beginChapterTitle":"第六十章：空灵石","bookUrl":"http:\/\/statics.ywpxg.com\/static\/book\/zip\/23\/45226.zip","endChapterIndex":61,"beginChapterIndex":60,"time":1644237278.938071,"deviceId":"5FD5217D-1E7B-476E-B6C5-1DB0C4D10C76","bookName":"不科学御兽","deviceModel":"iPhone 11 Pro Max","deviceName":"ianphone","endTime":1644241202.8142118,"beginPageIndex":3,"endPageIndex":2,"wordCount":19707,"duration":3923.8761429786682,"endChapterTitle":"第六十一章：怪物般的天赋"},{"id":1644241230.655726,"beginChapterTitle":"第1話","bookUrl":"https:\/\/www.18mh.cc\/index-comic-name-不會吧膠囊旅館有色狼-id-NaTcMawcMjQO0O0O","endChapterIndex":0,"beginChapterIndex":0,"time":1644241230.6574569,"deviceId":"5FD5217D-1E7B-476E-B6C5-1DB0C4D10C76","bookName":"不會吧，膠囊旅館有色狼！？","deviceModel":"iPhone 11 Pro Max","deviceName":"ianphone","endTime":1644241262.368083,"beginPageIndex":0,"endPageIndex":0,"wordCount":0,"duration":31.71062707901001,"endChapterTitle":"第1話"},{"id":1644241278.979146,"beginChapterTitle":"第1话","bookUrl":"http:\/\/sinaappxx6.q236.cn\/post\/infoOnload,{\"method\":\"POST\",\"body\":\"bookid=822\"}","endChapterIndex":0,"beginChapterIndex":0,"time":1644241278.9796729,"deviceId":"5FD5217D-1E7B-476E-B6C5-1DB0C4D10C76","bookName":"继母的朋友们","deviceModel":"iPhone 11 Pro Max","deviceName":"ianphone","endTime":1644241304.247772,"beginPageIndex":0,"endPageIndex":2,"wordCount":14,"duration":25.268100142478943,"endChapterTitle":"第1话"},{"id":1644241406.4698071,"beginChapterTitle":"扫地小厮","bookUrl":"https:\/\/ac.qq.com\/Comic\/comicInfo\/id\/629440","endChapterIndex":1,"beginChapterIndex":0,"time":1644241406.470331,"deviceId":"5FD5217D-1E7B-476E-B6C5-1DB0C4D10C76","bookName":"武炼巅峰","deviceModel":"iPhone 11 Pro Max","deviceName":"ianphone","endTime":1644241429.5456591,"beginPageIndex":0,"endPageIndex":0,"wordCount":54,"duration":23.07532799243927,"endChapterTitle":"撞破南墙不回头（一）"},{"id":1644241446.081754,"beginChapterTitle":"扫地小厮","bookUrl":"http:\/\/qiximh1.com\/16041\/","endChapterIndex":0,"beginChapterIndex":0,"time":1644241446.0823541,"deviceId":"5FD5217D-1E7B-476E-B6C5-1DB0C4D10C76","bookName":"武炼巅峰","deviceModel":"iPhone 11 Pro Max","deviceName":"ianphone","endTime":1644241464.592056,"beginPageIndex":0,"endPageIndex":1,"wordCount":14,"duration":18.509702920913696,"endChapterTitle":"扫地小厮"},{"id":1644241482.4710331,"beginChapterTitle":"扫地小厮","bookUrl":"http:\/\/qiximh1.com\/16041\/","endChapterIndex":0,"beginChapterIndex":0,"time":1644241482.4715319,"deviceId":"5FD5217D-1E7B-476E-B6C5-1DB0C4D10C76","bookName":"武炼巅峰","deviceModel":"iPhone 11 Pro Max","deviceName":"ianphone","endTime":1644241497.045805,"beginPageIndex":0,"endPageIndex":0,"wordCount":14,"duration":14.574273109436035,"endChapterTitle":"扫地小厮"},{"id":1644241515.0956721,"beginChapterTitle":"扫地小厮","bookUrl":"http:\/\/qiximh1.com\/16041\/","endChapterIndex":0,"beginChapterIndex":0,"time":1644241515.0964952,"deviceId":"5FD5217D-1E7B-476E-B6C5-1DB0C4D10C76","bookName":"武炼巅峰","deviceModel":"iPhone 11 Pro Max","deviceName":"ianphone","endTime":1644241518.6646349,"beginPageIndex":0,"endPageIndex":0,"wordCount":14,"duration":3.5681397914886475,"endChapterTitle":"扫地小厮"},{"id":1644241556.138912,"beginChapterTitle":"扫地小厮","bookUrl":"http:\/\/qiximh1.com\/16041\/","endChapterIndex":0,"beginChapterIndex":0,"time":1644241556.139744,"deviceId":"5FD5217D-1E7B-476E-B6C5-1DB0C4D10C76","bookName":"武炼巅峰","deviceModel":"iPhone 11 Pro Max","deviceName":"ianphone","endTime":1644241559.7561622,"beginPageIndex":0,"endPageIndex":0,"wordCount":14,"duration":3.6164189577102661,"endChapterTitle":"扫地小厮"},{"id":1644241613.167542,"bookUrl":"https:\/\/m.gufengmh9.com\/manhua\/bailianchengshen\/","endChapterIndex":0,"beginChapterIndex":0,"time":1644241613.168026,"deviceId":"5FD5217D-1E7B-476E-B6C5-1DB0C4D10C76","bookName":"百炼成神","beginPageIndex":0,"deviceName":"ianphone","endTime":1644241706.4110551,"deviceModel":"iPhone 11 Pro Max","endPageIndex":1,"wordCount":0,"duration":93.243028998374939},{"id":1644241737.2342229,"beginChapterTitle":"第01话","bookUrl":"http:\/\/api.acg.gd\/app\/comic\/view?id=22336","endChapterIndex":0,"beginChapterIndex":0,"time":1644241737.2357769,"deviceId":"5FD5217D-1E7B-476E-B6C5-1DB0C4D10C76","bookName":"你的声音","deviceModel":"iPhone 11 Pro Max","deviceName":"ianphone","endTime":1644241749.4100862,"beginPageIndex":0,"endPageIndex":0,"wordCount":19,"duration":12.174310088157654,"endChapterTitle":"第01话"},{"id":1644241781.0798011,"bookUrl":"http:\/\/app.u17.com\/v3\/appV3_3\/android\/phone\/comic\/detail_static_new?&comicid=3166","endChapterIndex":0,"beginChapterIndex":0,"time":1644241781.0802841,"deviceId":"5FD5217D-1E7B-476E-B6C5-1DB0C4D10C76","bookName":"镇魂街","deviceModel":"iPhone 11 Pro Max","deviceName":"ianphone","endTime":1644241886.3601279,"beginPageIndex":0,"endPageIndex":0,"wordCount":13,"duration":105.27984488010406,"endChapterTitle":"第一章  百鬼夜行"},{"id":1644247311.538892,"beginChapterTitle":"第六十一章：怪物般的天赋","bookUrl":"http:\/\/statics.ywpxg.com\/static\/book\/zip\/23\/45226.zip","endChapterIndex":61,"beginChapterIndex":61,"time":1644247311.540704,"deviceId":"5FD5217D-1E7B-476E-B6C5-1DB0C4D10C76","bookName":"不科学御兽","deviceModel":"iPhone 11 Pro Max","deviceName":"ianphone","endTime":1644249886.09919,"beginPageIndex":2,"endPageIndex":3,"wordCount":1599,"duration":2574.5584869384766,"endChapterTitle":"第六十一章：怪物般的天赋"},{"id":1644249891.8415918,"beginChapterTitle":"第六十一章：怪物般的天赋","bookUrl":"http:\/\/statics.ywpxg.com\/static\/book\/zip\/23\/45226.zip","endChapterIndex":61,"beginChapterIndex":61,"time":1644249891.8425889,"deviceId":"5FD5217D-1E7B-476E-B6C5-1DB0C4D10C76","bookName":"不科学御兽","deviceModel":"iPhone 11 Pro Max","deviceName":"ianphone","endTime":1644264479.58109,"beginPageIndex":3,"endPageIndex":12,"wordCount":2601,"duration":14587.738502144814,"endChapterTitle":"第六十一章：怪物般的天赋"},{"id":1644265211.49563,"beginChapterTitle":"第1话 神秘之人","bookUrl":"https:\/\/m.xm124.com\/manhua\/douluodalu4zhongjidouluo\/","endChapterIndex":0,"beginChapterIndex":0,"time":1644265211.4968829,"deviceId":"5FD5217D-1E7B-476E-B6C5-1DB0C4D10C76","bookName":"斗罗大陆4终极斗罗漫画","deviceModel":"iPhone 11 Pro Max","deviceName":"ianphone","endTime":1644265246.3241429,"beginPageIndex":0,"endPageIndex":0,"wordCount":0,"duration":34.827261090278625,"endChapterTitle":"第1话 神秘之人"},{"id":1644265254.507786,"bookUrl":"https:\/\/m.xm124.com\/manhua\/douluodalu4zhongjidouluo\/","endChapterIndex":0,"beginChapterIndex":0,"time":1644265254.5083261,"deviceId":"5FD5217D-1E7B-476E-B6C5-1DB0C4D10C76","bookName":"斗罗大陆4终极斗罗漫画","beginPageIndex":0,"deviceName":"ianphone","endTime":1644265678.4028389,"deviceModel":"iPhone 11 Pro Max","endPageIndex":0,"wordCount":0,"duration":423.89451396465302},{"id":1644265853.2008131,"beginChapterTitle":"1","bookUrl":"https:\/\/www.manhuadb.com\/manhua\/25912","endChapterIndex":0,"beginChapterIndex":0,"time":1644265853.2032971,"deviceId":"5FD5217D-1E7B-476E-B6C5-1DB0C4D10C76","bookName":"秘书课秘蜜情事","deviceModel":"iPhone 11 Pro Max","deviceName":"ianphone","endTime":1644265871.515167,"beginPageIndex":0,"endPageIndex":1,"wordCount":9,"duration":18.311869859695435,"endChapterTitle":"1"},{"id":1644265911.870136,"beginChapterTitle":"第1话 陨落的天才（上）","bookUrl":"https:\/\/m.taomanhua.com\/api\/getcomicinfo_body\/?comic_id=25934&productname=smh&platformname=wap","endChapterIndex":0,"beginChapterIndex":0,"time":1644265911.87169,"deviceId":"5FD5217D-1E7B-476E-B6C5-1DB0C4D10C76","bookName":"斗破苍穹","deviceModel":"iPhone 11 Pro Max","deviceName":"ianphone","endTime":1644265942.7044411,"beginPageIndex":0,"endPageIndex":0,"wordCount":35,"duration":30.832750916481018,"endChapterTitle":"第1话 陨落的天才（上）"},{"id":1644265961.598913,"beginChapterTitle":"第1话 火车艳遇.avi","bookUrl":"https:\/\/yzkapi.yizhikan.cn\/v1\/comic\/14708?time=1564715936&sign=4634ce19ee6f9b82c4118c8875115705","endChapterIndex":0,"beginChapterIndex":0,"time":1644265961.5994248,"deviceId":"5FD5217D-1E7B-476E-B6C5-1DB0C4D10C76","bookName":"最强神医混都市","deviceModel":"iPhone 11 Pro Max","deviceName":"ianphone","endTime":1644265968.3817391,"beginPageIndex":0,"endPageIndex":0,"wordCount":19,"duration":6.7823151350021362,"endChapterTitle":"第1话 火车艳遇.avi"},{"id":1644266098.419996,"beginChapterTitle":"第六十一章：怪物般的天赋","bookUrl":"http:\/\/statics.ywpxg.com\/static\/book\/zip\/23\/45226.zip","endChapterIndex":61,"beginChapterIndex":61,"time":1644266098.4206729,"deviceId":"5FD5217D-1E7B-476E-B6C5-1DB0C4D10C76","bookName":"不科学御兽","deviceModel":"iPhone 11 Pro Max","deviceName":"ianphone","endTime":1644266142.463346,"beginPageIndex":12,"endPageIndex":12,"wordCount":283,"duration":44.04267406463623,"endChapterTitle":"第六十一章：怪物般的天赋"},{"id":1644266176.9937649,"beginChapterTitle":"第六十一章：怪物般的天赋","bookUrl":"http:\/\/statics.ywpxg.com\/static\/book\/zip\/23\/45226.zip","endChapterIndex":61,"beginChapterIndex":61,"time":1644266176.9943008,"deviceId":"5FD5217D-1E7B-476E-B6C5-1DB0C4D10C76","bookName":"不科学御兽","deviceModel":"iPhone 11 Pro Max","deviceName":"ianphone","endTime":1644266226.0969281,"beginPageIndex":12,"endPageIndex":12,"wordCount":283,"duration":49.102627158164978,"endChapterTitle":"第六十一章：怪物般的天赋"},{"id":1644266462.062973,"beginChapterTitle":"第六十二章 新的特训目标 ","bookUrl":"https:\/\/www.zhaishuyuan.org\/book\/0\/18\/","endChapterIndex":61,"beginChapterIndex":61,"time":1644266462.0636091,"deviceId":"5FD5217D-1E7B-476E-B6C5-1DB0C4D10C76","bookName":"不科学御兽","deviceModel":"iPhone 11 Pro Max","deviceName":"ianphone","endTime":1644266787.4466341,"beginPageIndex":0,"endPageIndex":1,"wordCount":290,"duration":325.3830258846283,"endChapterTitle":"第六十二章 新的特训目标 "},{"id":1644267143.062057,"beginChapterTitle":"第六十二章 新的特训目标 ","bookUrl":"https:\/\/www.zhaishuyuan.org\/book\/0\/18\/","endChapterIndex":61,"beginChapterIndex":61,"time":1644267143.0631399,"deviceId":"5FD5217D-1E7B-476E-B6C5-1DB0C4D10C76","bookName":"不科学御兽","deviceModel":"iPhone 11 Pro Max","deviceName":"ianphone","endTime":1644267199.224828,"beginPageIndex":1,"endPageIndex":0,"wordCount":-290,"duration":56.161689043045044,"endChapterTitle":"第六十二章 新的特训目标 "},{"id":1644267329.8655939,"beginChapterTitle":"第六十二章 新的特训目标 ","bookUrl":"https:\/\/www.zhaishuyuan.org\/book\/0\/18\/","endChapterIndex":62,"beginChapterIndex":61,"time":1644267329.866363,"deviceId":"5FD5217D-1E7B-476E-B6C5-1DB0C4D10C76","bookName":"不科学御兽","deviceModel":"iPhone 11 Pro Max","deviceName":"ianphone","endTime":1644270366.3794498,"beginPageIndex":0,"endPageIndex":8,"wordCount":12354,"duration":3036.5130879878998,"endChapterTitle":"第六十三章 加点就完事了 "},{"id":1644270389.428231,"beginChapterTitle":"第六十三章 加点就完事了 ","bookUrl":"https:\/\/www.zhaishuyuan.org\/book\/0\/18\/","endChapterIndex":71,"beginChapterIndex":62,"time":1644270389.428828,"deviceId":"5FD5217D-1E7B-476E-B6C5-1DB0C4D10C76","bookName":"不科学御兽","deviceModel":"iPhone 11 Pro Max","deviceName":"ianphone","endTime":1644301346.6182539,"beginPageIndex":8,"endPageIndex":0,"wordCount":117391,"duration":30957.189427018166,"endChapterTitle":"第七十一章 神话【求保底月票】 "},{"id":1644317220.8397741,"beginChapterTitle":"第七十章：食铁兽进化形","bookUrl":"http:\/\/statics.ywpxg.com\/static\/book\/zip\/23\/45226.zip","endChapterIndex":66,"beginChapterIndex":71,"time":1644317220.8402982,"deviceId":"5FD5217D-1E7B-476E-B6C5-1DB0C4D10C76","bookName":"不科学御兽","deviceModel":"iPhone 11 Pro Max","deviceName":"ianphone","endTime":1644318959.8216438,"beginPageIndex":0,"endPageIndex":8,"wordCount":0,"duration":1738.9813468456268,"endChapterTitle":"第六十五章：打的就是精锐"},{"id":1644322319.7198319,"beginChapterTitle":"第六十五章：打的就是精锐","bookUrl":"http:\/\/statics.ywpxg.com\/static\/book\/zip\/23\/45226.zip","endChapterIndex":67,"beginChapterIndex":66,"time":1644322319.720911,"deviceId":"5FD5217D-1E7B-476E-B6C5-1DB0C4D10C76","bookName":"不科学御兽","deviceModel":"iPhone 11 Pro Max","deviceName":"ianphone","endTime":1644322353.612417,"beginPageIndex":8,"endPageIndex":0,"wordCount":3632,"duration":33.891507029533386,"endChapterTitle":"第六十六章：战斗力单位"},{"id":1644322631.441222,"beginChapterTitle":"第六十六章：战斗力单位","bookUrl":"http:\/\/statics.ywpxg.com\/static\/book\/zip\/23\/45226.zip","endChapterIndex":67,"beginChapterIndex":67,"time":1644322631.4422312,"deviceId":"5FD5217D-1E7B-476E-B6C5-1DB0C4D10C76","bookName":"不科学御兽","deviceModel":"iPhone 11 Pro Max","deviceName":"ianphone","endTime":1644322812.90171,"beginPageIndex":0,"endPageIndex":1,"wordCount":232,"duration":181.45947980880737,"endChapterTitle":"第六十六章：战斗力单位"},{"id":1644329356.9404259,"beginChapterTitle":"第六十六章：战斗力单位","bookUrl":"http:\/\/statics.ywpxg.com\/static\/book\/zip\/23\/45226.zip","endChapterIndex":68,"beginChapterIndex":67,"time":1644329356.9409142,"deviceId":"5FD5217D-1E7B-476E-B6C5-1DB0C4D10C76","bookName":"不科学御兽","deviceModel":"iPhone 11 Pro Max","deviceName":"ianphone","endTime":1644331009.998359,"beginPageIndex":1,"endPageIndex":4,"wordCount":9289,"duration":1653.0574458837509,"endChapterTitle":"第六十八章 通灵者 "},{"id":1644331113.8722491,"beginChapterTitle":"第六十八章 通灵者 ","bookUrl":"https:\/\/www.zhaishuyuan.org\/book\/0\/18\/","endChapterIndex":73,"beginChapterIndex":68,"time":1644331113.8732071,"deviceId":"5FD5217D-1E7B-476E-B6C5-1DB0C4D10C76","bookName":"不科学御兽","deviceModel":"iPhone 11 Pro Max","deviceName":"ianphone","endTime":1644346711.4913731,"beginPageIndex":4,"endPageIndex":0,"wordCount":45899,"duration":15597.618166923523,"endChapterTitle":"第七十三章：第一个完美级"},{"id":1644346937.849859,"beginChapterTitle":"第七十三章 第一个完美级 ","bookUrl":"https:\/\/www.zhaishuyuan.org\/book\/0\/18\/","endChapterIndex":73,"beginChapterIndex":73,"time":1644346937.852458,"deviceId":"5FD5217D-1E7B-476E-B6C5-1DB0C4D10C76","bookName":"不科学御兽","deviceModel":"iPhone 11 Pro Max","deviceName":"ianphone","endTime":1644347109.4205739,"beginPageIndex":0,"endPageIndex":0,"wordCount":303,"duration":171.56811702251434,"endChapterTitle":"第七十三章 第一个完美级 "},{"id":1644347120.5264568,"beginChapterTitle":"第七十三章 第一个完美级 ","bookUrl":"https:\/\/www.zhaishuyuan.org\/book\/0\/18\/","endChapterIndex":73,"beginChapterIndex":73,"time":1644347120.527235,"deviceId":"5FD5217D-1E7B-476E-B6C5-1DB0C4D10C76","bookName":"不科学御兽","deviceModel":"iPhone 11 Pro Max","deviceName":"ianphone","endTime":1644347136.922189,"beginPageIndex":0,"endPageIndex":0,"wordCount":303,"duration":16.394954919815063,"endChapterTitle":"第七十三章 第一个完美级 "},{"id":1644347149.769912,"beginChapterTitle":"第3话","bookUrl":"http:\/\/sinaappxx6.q236.cn\/post\/infoOnload,{\"method\":\"POST\",\"body\":\"bookid=801\"}","endChapterIndex":15,"beginChapterIndex":2,"time":1644347149.7706399,"deviceId":"5FD5217D-1E7B-476E-B6C5-1DB0C4D10C76","bookName":"邻家私教","deviceModel":"iPhone 11 Pro Max","deviceName":"ianphone","endTime":1644347447.282531,"beginPageIndex":0,"endPageIndex":1,"wordCount":378,"duration":297.51189112663269,"endChapterTitle":"第16话"},{"id":1644348228.5040441,"beginChapterTitle":"第七十三章 第一个完美级 ","bookUrl":"https:\/\/www.zhaishuyuan.org\/book\/0\/18\/","endChapterIndex":79,"beginChapterIndex":73,"time":1644348228.504565,"deviceId":"5FD5217D-1E7B-476E-B6C5-1DB0C4D10C76","bookName":"不科学御兽","deviceModel":"iPhone 11 Pro Max","deviceName":"ianphone","endTime":1644364632.224689,"beginPageIndex":0,"endPageIndex":0,"wordCount":23909,"duration":16403.720124959946,"endChapterTitle":"第七十九章 该培养虫虫了 "},{"id":1644369033.9578929,"beginChapterTitle":"第七十九章 该培养虫虫了 ","bookUrl":"https:\/\/www.zhaishuyuan.org\/book\/0\/18\/","endChapterIndex":83,"beginChapterIndex":79,"time":1644369033.9599349,"deviceId":"5FD5217D-1E7B-476E-B6C5-1DB0C4D10C76","bookName":"不科学御兽","deviceModel":"iPhone 11 Pro Max","deviceName":"ianphone","endTime":1644386758.1017799,"beginPageIndex":0,"endPageIndex":10,"wordCount":106546,"duration":17724.141846060753,"endChapterTitle":"第八十三章 古都大学 "},{"id":1644402487.7058182,"beginChapterTitle":"第八十三章 古都大学 ","bookUrl":"https:\/\/www.zhaishuyuan.org\/book\/0\/18\/","endChapterIndex":90,"beginChapterIndex":83,"time":1644402487.7066159,"deviceId":"5FD5217D-1E7B-476E-B6C5-1DB0C4D10C76","bookName":"不科学御兽","deviceModel":"iPhone 11 Pro Max","deviceName":"ianphone","endTime":1644422236.2390699,"beginPageIndex":10,"endPageIndex":8,"wordCount":110446,"duration":19748.532454133034,"endChapterTitle":"第九十章 食铁兽遗址 "},{"id":1644422893.5446701,"beginChapterTitle":"第九十章 食铁兽遗址 ","bookUrl":"https:\/\/www.zhaishuyuan.org\/book\/0\/18\/","endChapterIndex":90,"beginChapterIndex":90,"time":1644422893.5468202,"deviceId":"5FD5217D-1E7B-476E-B6C5-1DB0C4D10C76","bookName":"不科学御兽","deviceModel":"iPhone 11 Pro Max","deviceName":"ianphone","endTime":1644423035.4036179,"beginPageIndex":8,"endPageIndex":9,"wordCount":305,"duration":141.85679888725281,"endChapterTitle":"第九十章 食铁兽遗址 "},{"id":1644424457.6204681,"beginChapterTitle":"第九十章 食铁兽遗址 ","bookUrl":"https:\/\/www.zhaishuyuan.org\/book\/0\/18\/","endChapterIndex":90,"beginChapterIndex":90,"time":1644424457.6217451,"deviceId":"5FD5217D-1E7B-476E-B6C5-1DB0C4D10C76","bookName":"不科学御兽","deviceModel":"iPhone 11 Pro Max","deviceName":"ianphone","endTime":1644424478.0068831,"beginPageIndex":9,"endPageIndex":9,"wordCount":296,"duration":20.385138869285583,"endChapterTitle":"第九十章 食铁兽遗址 "},{"id":1644447948.994328,"beginChapterTitle":"202話","bookUrl":"https:\/\/x.twocomic.com\/comic\/10406","endChapterIndex":0,"beginChapterIndex":0,"time":1644447948.995183,"deviceId":"5FD5217D-1E7B-476E-B6C5-1DB0C4D10C76","bookName":"一拳超人","deviceModel":"iPhone 11 Pro Max","deviceName":"ianphone","endTime":1644447969.984297,"beginPageIndex":0,"endPageIndex":0,"wordCount":27,"duration":20.989114046096802,"endChapterTitle":"202話"},{"id":1644447987.7286658,"bookUrl":"https:\/\/www.18mh.cc\/index-comic-name-姊姊的房間-id-NaTcMawcMzIO0O0O","endChapterIndex":0,"beginChapterIndex":0,"time":1644447987.7292809,"deviceId":"5FD5217D-1E7B-476E-B6C5-1DB0C4D10C76","bookName":"姊姊的房間","beginPageIndex":0,"deviceName":"ianphone","endTime":1644448022.0632701,"deviceModel":"iPhone 11 Pro Max","endPageIndex":0,"wordCount":0,"duration":34.333989024162292},{"id":1644448054.2497249,"bookUrl":"https:\/\/www.18mh.cc\/index-comic-name-不會吧膠囊旅館有色狼-id-NaTcMawcMjQO0O0O","endChapterIndex":0,"beginChapterIndex":0,"time":1644448054.2502151,"deviceId":"5FD5217D-1E7B-476E-B6C5-1DB0C4D10C76","bookName":"不會吧，膠囊旅館有色狼！？","beginPageIndex":0,"deviceName":"ianphone","endTime":1644448092.445205,"deviceModel":"iPhone 11 Pro Max","endPageIndex":0,"wordCount":0,"duration":38.194989919662476},{"id":1644448097.078275,"bookUrl":"https:\/\/www.18mh.cc\/index-comic-name-不會吧膠囊旅館有色狼-id-NaTcMawcMjQO0O0O","endChapterIndex":1,"beginChapterIndex":1,"time":1644448097.0791001,"deviceId":"5FD5217D-1E7B-476E-B6C5-1DB0C4D10C76","bookName":"不會吧，膠囊旅館有色狼！？","beginPageIndex":0,"deviceName":"ianphone","endTime":1644448108.776885,"deviceModel":"iPhone 11 Pro Max","endPageIndex":0,"wordCount":0,"duration":11.697784900665283},{"id":1644448121.301291,"beginChapterTitle":"第1話","bookUrl":"https:\/\/www.18mh.cc\/index-comic-name-嬌喘聲都被聽到了哦在牆壁過薄的員工宿舍進行SEX培訓-id-NaTcIa5cODUO0O0O","endChapterIndex":0,"beginChapterIndex":0,"time":1644448121.301904,"deviceId":"5FD5217D-1E7B-476E-B6C5-1DB0C4D10C76","bookName":"嬌喘聲都被聽到了哦？在牆壁過薄的員工宿舍進行SEX培訓","deviceModel":"iPhone 11 Pro Max","deviceName":"ianphone","endTime":1644448148.123771,"beginPageIndex":0,"endPageIndex":0,"wordCount":0,"duration":26.821866989135742,"endChapterTitle":"第1話"},{"id":1644448358.8976278,"beginChapterTitle":"001","bookUrl":"https:\/\/m.xm124.com\/manhua\/yuanzun\/","endChapterIndex":0,"beginChapterIndex":0,"time":1644448358.89868,"deviceId":"5FD5217D-1E7B-476E-B6C5-1DB0C4D10C76","bookName":"元尊漫画","deviceModel":"iPhone 11 Pro Max","deviceName":"ianphone","endTime":1644448389.9817171,"beginPageIndex":0,"endPageIndex":0,"wordCount":0,"duration":31.08303701877594,"endChapterTitle":"001"},{"id":1644448427.877233,"bookUrl":"https:\/\/www.18mh.cc\/index-comic-name-我的媽媽不可能這麼淫蕩-id-NaTcMawcMTcO0O0O","endChapterIndex":0,"beginChapterIndex":0,"time":1644448427.8778338,"deviceId":"5FD5217D-1E7B-476E-B6C5-1DB0C4D10C76","bookName":"我的媽媽不可能這麼淫蕩","beginPageIndex":0,"deviceName":"ianphone","endTime":1644448438.2690439,"deviceModel":"iPhone 11 Pro Max","endPageIndex":0,"wordCount":0,"duration":10.391211152076721},{"id":1644448536.477874,"beginChapterTitle":"第01話","bookUrl":"https:\/\/www.18mh.cc\/index-comic-name-人情債償還系統-id-NaTcMawcMTYO0O0O","endChapterIndex":0,"beginChapterIndex":0,"time":1644448536.478518,"deviceId":"5FD5217D-1E7B-476E-B6C5-1DB0C4D10C76","bookName":"人情債償還系統","deviceModel":"iPhone 11 Pro Max","deviceName":"ianphone","endTime":1644448556.331702,"beginPageIndex":0,"endPageIndex":0,"wordCount":0,"duration":19.853184938430786,"endChapterTitle":"第01話"},{"id":1644448665.8428168,"beginChapterTitle":"第一章（微h），脱光","bookUrl":"https:\/\/m.roushuwu.com\/book\/29749\/","endChapterIndex":2,"beginChapterIndex":0,"time":1644448665.8437681,"deviceId":"5FD5217D-1E7B-476E-B6C5-1DB0C4D10C76","bookName":"[nph]绿茶婊的上位","deviceModel":"iPhone 11 Pro Max","deviceName":"ianphone","endTime":1644448941.619518,"beginPageIndex":0,"endPageIndex":0,"wordCount":7747,"duration":275.77574992179871,"endChapterTitle":"第三章，逃跑"},{"id":1644449256.234525,"beginChapterTitle":"第1话","bookUrl":"http:\/\/sinaappxx6.q236.cn\/post\/infoOnload,{\"method\":\"POST\",\"body\":\"bookid=732\"}","endChapterIndex":0,"beginChapterIndex":0,"time":1644449256.235611,"deviceId":"5FD5217D-1E7B-476E-B6C5-1DB0C4D10C76","bookName":"私密教学","deviceModel":"iPhone 11 Pro Max","deviceName":"ianphone","endTime":1644449269.9330969,"beginPageIndex":0,"endPageIndex":1,"wordCount":7,"duration":13.697486996650696,"endChapterTitle":"第1话"},{"id":1644449340.256959,"beginChapterTitle":"第1章","bookUrl":"http:\/\/180.76.103.51\/api.php\/Book\/getResources,{\"method\": \"POST\",\"body\": \"bookId=69443\"}","endChapterIndex":0,"beginChapterIndex":0,"time":1644449340.2574821,"deviceId":"5FD5217D-1E7B-476E-B6C5-1DB0C4D10C76","bookName":"末日了，身边全是女丧尸","deviceModel":"iPhone 11 Pro Max","deviceName":"ianphone","endTime":1644449346.201262,"beginPageIndex":0,"endPageIndex":2,"wordCount":548,"duration":5.9437799453735352,"endChapterTitle":"第1章"},{"id":1644449814.6879082,"beginChapterTitle":"第九十一章 古代铭文 ","bookUrl":"https:\/\/www.zhaishuyuan.org\/book\/0\/18\/","endChapterIndex":97,"beginChapterIndex":91,"time":1644449814.691633,"deviceId":"5FD5217D-1E7B-476E-B6C5-1DB0C4D10C76","bookName":"不科学御兽","deviceModel":"iPhone 11 Pro Max","deviceName":"ianphone","endTime":1644469976.4243579,"beginPageIndex":0,"endPageIndex":15,"wordCount":146425,"duration":20161.732725977898,"endChapterTitle":"第九十七章 食铁兽真的进化了 "},{"id":1644477948.915168,"beginChapterTitle":"第九十七章 食铁兽真的进化了 ","bookUrl":"https:\/\/www.zhaishuyuan.org\/book\/0\/18\/","endChapterIndex":99,"beginChapterIndex":97,"time":1644477948.9177949,"deviceId":"5FD5217D-1E7B-476E-B6C5-1DB0C4D10C76","bookName":"不科学御兽","deviceModel":"iPhone 11 Pro Max","deviceName":"ianphone","endTime":1644483443.209033,"beginPageIndex":15,"endPageIndex":13,"wordCount":43675,"duration":5494.2912380695343,"endChapterTitle":"第九十九章 进化形的命名 "},{"id":1644483502.1797662,"beginChapterTitle":"第九十九章 进化形的命名 ","bookUrl":"https:\/\/www.zhaishuyuan.org\/book\/0\/18\/","endChapterIndex":99,"beginChapterIndex":99,"time":1644483502.18027,"deviceId":"5FD5217D-1E7B-476E-B6C5-1DB0C4D10C76","bookName":"不科学御兽","deviceModel":"iPhone 11 Pro Max","deviceName":"ianphone","endTime":1644483509.708348,"beginPageIndex":13,"endPageIndex":13,"wordCount":314,"duration":7.5280790328979492,"endChapterTitle":"第九十九章 进化形的命名 "},{"id":1644483565.942621,"beginChapterTitle":"第九十九章 进化形的命名 ","bookUrl":"https:\/\/www.zhaishuyuan.org\/book\/0\/18\/","endChapterIndex":100,"beginChapterIndex":99,"time":1644483565.9433889,"deviceId":"5FD5217D-1E7B-476E-B6C5-1DB0C4D10C76","bookName":"不科学御兽","deviceModel":"iPhone 11 Pro Max","deviceName":"ianphone","endTime":1644484417.006227,"beginPageIndex":13,"endPageIndex":9,"wordCount":20298,"duration":851.06283903121948,"endChapterTitle":"第一百章 时宇突破与契约虫虫 "},{"id":1644487398.7675471,"beginChapterTitle":"第一百章 时宇突破与契约虫虫 ","bookUrl":"https:\/\/www.zhaishuyuan.org\/book\/0\/18\/","endChapterIndex":101,"beginChapterIndex":100,"time":1644487398.768024,"deviceId":"5FD5217D-1E7B-476E-B6C5-1DB0C4D10C76","bookName":"不科学御兽","deviceModel":"iPhone 11 Pro Max","deviceName":"ianphone","endTime":1644492229.359252,"beginPageIndex":9,"endPageIndex":9,"wordCount":37939,"duration":4830.5912290811539,"endChapterTitle":"第101章 十一的第一个奥义技 "},{"id":1644492230.3673711,"beginChapterTitle":"第101章 十一的第一个奥义技 ","bookUrl":"https:\/\/www.zhaishuyuan.org\/book\/0\/18\/","endChapterIndex":106,"beginChapterIndex":101,"time":1644492230.3710079,"deviceId":"5FD5217D-1E7B-476E-B6C5-1DB0C4D10C76","bookName":"不科学御兽","deviceModel":"iPhone 11 Pro Max","deviceName":"ianphone","endTime":1644495241.5262229,"beginPageIndex":9,"endPageIndex":21,"wordCount":113238,"duration":3011.1552160978317,"endChapterTitle":"第106章 虫虫首战 "},{"id":1644495245.1163459,"beginChapterTitle":"第106章 虫虫首战 ","bookUrl":"https:\/\/www.zhaishuyuan.org\/book\/0\/18\/","endChapterIndex":110,"beginChapterIndex":106,"time":1644495245.1168461,"deviceId":"5FD5217D-1E7B-476E-B6C5-1DB0C4D10C76","bookName":"不科学御兽","deviceModel":"iPhone 11 Pro Max","deviceName":"ianphone","endTime":1644551160.4340811,"beginPageIndex":21,"endPageIndex":24,"wordCount":465104,"duration":55915.317235946655,"endChapterTitle":"第110章 野外生存试炼 "},{"id":1644553614.148735,"beginChapterTitle":"第110章 野外生存试炼 ","bookUrl":"https:\/\/www.zhaishuyuan.org\/book\/0\/18\/","endChapterIndex":116,"beginChapterIndex":110,"time":1644553614.15081,"deviceId":"5FD5217D-1E7B-476E-B6C5-1DB0C4D10C76","bookName":"不科学御兽","deviceModel":"iPhone 11 Pro Max","deviceName":"ianphone","endTime":1644562112.6828709,"beginPageIndex":24,"endPageIndex":0,"wordCount":154717,"duration":8498.5320609807968,"endChapterTitle":"第116章 青绵虫之王 "},{"id":1644568290.9482009,"beginChapterTitle":"分卷阅读55","bookUrl":"http:\/\/www.shushuwu123.net\/20\/20647\/","endChapterIndex":4,"beginChapterIndex":0,"time":1644568290.950279,"deviceId":"5FD5217D-1E7B-476E-B6C5-1DB0C4D10C76","bookName":"杨家洼qing事","deviceModel":"iPhone 11 Pro Max","deviceName":"ianphone","endTime":1644568377.289206,"beginPageIndex":0,"endPageIndex":122,"wordCount":7611,"duration":86.338927030563354,"endChapterTitle":"第4章"},{"id":1644568388.575659,"beginChapterTitle":"第14章","bookUrl":"http:\/\/www.shushuwu123.net\/20\/20652\/","endChapterIndex":1,"beginChapterIndex":0,"time":1644568388.5763021,"deviceId":"5FD5217D-1E7B-476E-B6C5-1DB0C4D10C76","bookName":"走出梨花村","deviceModel":"iPhone 11 Pro Max","deviceName":"ianphone","endTime":1644568414.5070601,"beginPageIndex":0,"endPageIndex":5,"wordCount":3986,"duration":25.930758953094482,"endChapterTitle":"第1章"},{"id":1644568453.6539931,"beginChapterTitle":"第116章 青绵虫之王 ","bookUrl":"https:\/\/www.zhaishuyuan.org\/book\/0\/18\/","endChapterIndex":116,"beginChapterIndex":116,"time":1644568453.6546431,"deviceId":"5FD5217D-1E7B-476E-B6C5-1DB0C4D10C76","bookName":"不科学御兽","deviceModel":"iPhone 11 Pro Max","deviceName":"ianphone","endTime":1644575706.185302,"beginPageIndex":0,"endPageIndex":14,"wordCount":4255,"duration":7252.5306599140167,"endChapterTitle":"第116章 青绵虫之王 "},{"id":1644580864.6277089,"beginChapterTitle":"第116章 青绵虫之王 ","bookUrl":"https:\/\/www.zhaishuyuan.org\/book\/0\/18\/","endChapterIndex":117,"beginChapterIndex":116,"time":1644580864.628988,"deviceId":"5FD5217D-1E7B-476E-B6C5-1DB0C4D10C76","bookName":"不科学御兽","deviceModel":"iPhone 11 Pro Max","deviceName":"ianphone","endTime":1644582053.679919,"beginPageIndex":14,"endPageIndex":24,"wordCount":32320,"duration":1189.0509309768677,"endChapterTitle":"第117章 生存试炼考核结束 "},{"id":1644605823.5026641,"beginChapterTitle":"第117章 生存试炼考核结束 ","bookUrl":"https:\/\/www.zhaishuyuan.org\/book\/0\/18\/","endChapterIndex":132,"beginChapterIndex":117,"time":1644605823.504559,"deviceId":"5FD5217D-1E7B-476E-B6C5-1DB0C4D10C76","bookName":"不科学御兽","deviceModel":"iPhone 11 Pro Max","deviceName":"ianphone","endTime":1644647413.3994541,"beginPageIndex":24,"endPageIndex":5,"wordCount":867559,"duration":41589.894894957542,"endChapterTitle":"第132章植物宠兽来了 "},{"id":1644661456.876524,"beginChapterTitle":"第132章植物宠兽来了 ","bookUrl":"https:\/\/www.zhaishuyuan.org\/book\/0\/18\/","endChapterIndex":134,"beginChapterIndex":132,"time":1644661456.878891,"deviceId":"5FD5217D-1E7B-476E-B6C5-1DB0C4D10C76","bookName":"不科学御兽","deviceModel":"iPhone 11 Pro Max","deviceName":"ianphone","endTime":1644684743.8436351,"beginPageIndex":5,"endPageIndex":4,"wordCount":76689,"duration":23286.964745044708,"endChapterTitle":"第134章 一只有梦想的参宝宝 "},{"id":1644690366.23735,"beginChapterTitle":"第134章 一只有梦想的参宝宝 ","bookUrl":"https:\/\/www.zhaishuyuan.org\/book\/0\/18\/","endChapterIndex":141,"beginChapterIndex":134,"time":1644690366.2397552,"deviceId":"5FD5217D-1E7B-476E-B6C5-1DB0C4D10C76","bookName":"不科学御兽","deviceModel":"iPhone 11 Pro Max","deviceName":"ianphone","endTime":1644713145.128974,"beginPageIndex":4,"endPageIndex":12,"wordCount":157122,"duration":22778.889219880104,"endChapterTitle":"第141章 冰龙雪山 "},{"id":1644714307.3150449,"beginChapterTitle":"第141章 冰龙雪山 ","bookUrl":"https:\/\/www.zhaishuyuan.org\/book\/0\/18\/","endChapterIndex":140,"beginChapterIndex":141,"time":1644714307.3155341,"deviceId":"5FD5217D-1E7B-476E-B6C5-1DB0C4D10C76","bookName":"不科学御兽","deviceModel":"iPhone 11 Pro Max","deviceName":"ianphone","endTime":1644750243.65152,"beginPageIndex":12,"endPageIndex":11,"wordCount":10165,"duration":35936.335985898972,"endChapterTitle":"第140章 全员实力暴增 "},{"id":1644769033.453619,"beginChapterTitle":"第140章 全员实力暴增 ","bookUrl":"https:\/\/www.zhaishuyuan.org\/book\/0\/18\/","endChapterIndex":151,"beginChapterIndex":140,"time":1644769033.4556031,"deviceId":"5FD5217D-1E7B-476E-B6C5-1DB0C4D10C76","bookName":"不科学御兽","deviceModel":"iPhone 11 Pro Max","deviceName":"ianphone","endTime":1644816076.0811141,"beginPageIndex":11,"endPageIndex":0,"wordCount":102774,"duration":47042.625511884689,"endChapterTitle":"第151章 收录蓄能光束 "},{"id":1644850717.2832708,"beginChapterTitle":"第151章 收录蓄能光束 ","bookUrl":"https:\/\/www.zhaishuyuan.org\/book\/0\/18\/","endChapterIndex":154,"beginChapterIndex":151,"time":1644850717.285218,"deviceId":"5FD5217D-1E7B-476E-B6C5-1DB0C4D10C76","bookName":"不科学御兽","deviceModel":"iPhone 11 Pro Max","deviceName":"ianphone","endTime":1644861634.429482,"beginPageIndex":0,"endPageIndex":4,"wordCount":29618,"duration":10917.144265055656,"endChapterTitle":"第154章 进化铠甲完成 "},{"id":1644861637.227123,"beginChapterTitle":"第154章 进化铠甲完成 ","bookUrl":"https:\/\/www.zhaishuyuan.org\/book\/0\/18\/","endChapterIndex":157,"beginChapterIndex":154,"time":1644861637.227643,"deviceId":"5FD5217D-1E7B-476E-B6C5-1DB0C4D10C76","bookName":"不科学御兽","deviceModel":"iPhone 11 Pro Max","deviceName":"ianphone","endTime":1644865927.7260509,"beginPageIndex":4,"endPageIndex":2,"wordCount":32333,"duration":4290.498407959938,"endChapterTitle":"第157章 十一的新种族技能 "},{"id":1644866600.8680639,"beginChapterTitle":"第157章 十一的新种族技能 ","bookUrl":"https:\/\/www.zhaishuyuan.org\/book\/0\/18\/","endChapterIndex":171,"beginChapterIndex":157,"time":1644866600.869252,"deviceId":"5FD5217D-1E7B-476E-B6C5-1DB0C4D10C76","bookName":"不科学御兽","deviceModel":"iPhone 11 Pro Max","deviceName":"ianphone","endTime":1644901910.285872,"beginPageIndex":2,"endPageIndex":2,"wordCount":294232,"duration":35309.416621088982,"endChapterTitle":"第170章 兽耳娘の厚望 "},{"id":1644901911.265594,"beginChapterTitle":"第170章 兽耳娘の厚望 ","bookUrl":"https:\/\/www.zhaishuyuan.org\/book\/0\/18\/","endChapterIndex":171,"beginChapterIndex":171,"time":1644901911.2665138,"deviceId":"5FD5217D-1E7B-476E-B6C5-1DB0C4D10C76","bookName":"不科学御兽","deviceModel":"iPhone 11 Pro Max","deviceName":"ianphone","endTime":1644901916.171474,"beginPageIndex":2,"endPageIndex":2,"wordCount":302,"duration":4.9049601554870605,"endChapterTitle":"第170章 兽耳娘の厚望 "},{"id":1644934992.806545,"beginChapterTitle":"第170章 兽耳娘の厚望 ","bookUrl":"https:\/\/www.zhaishuyuan.org\/book\/0\/18\/","endChapterIndex":172,"beginChapterIndex":171,"time":1644934992.80777,"deviceId":"5FD5217D-1E7B-476E-B6C5-1DB0C4D10C76","bookName":"不科学御兽","deviceModel":"iPhone 11 Pro Max","deviceName":"ianphone","endTime":1644986955.492743,"beginPageIndex":2,"endPageIndex":5,"wordCount":38812,"duration":51962.684973955154,"endChapterTitle":"第171章 参宝宝的进化方法 "},{"id":1644987749.444725,"beginChapterTitle":"第171章 参宝宝的进化方法 ","bookUrl":"https:\/\/www.zhaishuyuan.org\/book\/0\/18\/","endChapterIndex":173,"beginChapterIndex":172,"time":1644987749.4471722,"deviceId":"5FD5217D-1E7B-476E-B6C5-1DB0C4D10C76","bookName":"不科学御兽","deviceModel":"iPhone 11 Pro Max","deviceName":"ianphone","endTime":1644988022.685535,"beginPageIndex":5,"endPageIndex":6,"wordCount":17358,"duration":273.23836386203766,"endChapterTitle":"第172章 抵达英灵遗迹 "},{"id":1644989572.859334,"beginChapterTitle":"第172章 抵达英灵遗迹 ","bookUrl":"https:\/\/www.zhaishuyuan.org\/book\/0\/18\/","endChapterIndex":176,"beginChapterIndex":173,"time":1644989572.8626251,"deviceId":"5FD5217D-1E7B-476E-B6C5-1DB0C4D10C76","bookName":"不科学御兽","deviceModel":"iPhone 11 Pro Max","deviceName":"ianphone","endTime":1645017653.8860919,"beginPageIndex":6,"endPageIndex":8,"wordCount":65176,"duration":28081.023467898369,"endChapterTitle":"第175章 剑灵附体 "},{"id":1645017967.167778,"beginChapterTitle":"第175章 剑灵附体 ","bookUrl":"https:\/\/www.zhaishuyuan.org\/book\/0\/18\/","endChapterIndex":176,"beginChapterIndex":176,"time":1645017967.1702471,"deviceId":"5FD5217D-1E7B-476E-B6C5-1DB0C4D10C76","bookName":"不科学御兽","deviceModel":"iPhone 11 Pro Max","deviceName":"ianphone","endTime":1645021375.4378581,"beginPageIndex":8,"endPageIndex":9,"wordCount":303,"duration":3408.2676119804382,"endChapterTitle":"第175章 剑灵附体 "},{"id":1645889343.675961,"beginChapterTitle":"第175章 剑灵附体 ","bookUrl":"https:\/\/www.zhaishuyuan.org\/book\/0\/18\/","endChapterIndex":257,"beginChapterIndex":176,"time":1645889343.677464,"deviceId":"5FD5217D-1E7B-476E-B6C5-1DB0C4D10C76","bookName":"不科学御兽","deviceModel":"iPhone 11 Pro Max","deviceName":"ianphone","endTime":1645889559.7426429,"beginPageIndex":9,"endPageIndex":15,"wordCount":9675,"duration":216.06517994403839,"endChapterTitle":"第254章 冰龙妈妈 "},{"id":1645890649.9026761,"beginChapterTitle":"第16话","bookUrl":"http:\/\/sinaappxx6.q236.cn\/post\/infoOnload,{\"method\":\"POST\",\"body\":\"bookid=801\"}","endChapterIndex":20,"beginChapterIndex":15,"time":1645890649.904285,"deviceId":"5FD5217D-1E7B-476E-B6C5-1DB0C4D10C76","bookName":"邻家私教","deviceModel":"iPhone 11 Pro Max","deviceName":"ianphone","endTime":1645890691.2177601,"beginPageIndex":1,"endPageIndex":0,"wordCount":139,"duration":41.313476085662842,"endChapterTitle":"第21话"},{"id":1645891525.070874,"beginChapterTitle":"第254章 冰龙妈妈 ","bookUrl":"https:\/\/www.zhaishuyuan.org\/book\/0\/18\/","endChapterIndex":257,"beginChapterIndex":257,"time":1645891525.0733409,"deviceId":"5FD5217D-1E7B-476E-B6C5-1DB0C4D10C76","bookName":"不科学御兽","deviceModel":"iPhone 11 Pro Max","deviceName":"ianphone","endTime":1645891532.079005,"beginPageIndex":15,"endPageIndex":15,"wordCount":309,"duration":7.0056650638580322,"endChapterTitle":"第254章 冰龙妈妈 "},{"id":1645891535.583813,"beginChapterTitle":"第21话","bookUrl":"http:\/\/sinaappxx6.q236.cn\/post\/infoOnload,{\"method\":\"POST\",\"body\":\"bookid=801\"}","endChapterIndex":49,"beginChapterIndex":20,"time":1645891535.5844331,"deviceId":"5FD5217D-1E7B-476E-B6C5-1DB0C4D10C76","bookName":"邻家私教","deviceModel":"iPhone 11 Pro Max","deviceName":"ianphone","endTime":1645891932.569211,"beginPageIndex":0,"endPageIndex":0,"wordCount":806,"duration":396.984778881073,"endChapterTitle":"第50话"},{"id":1645891982.688519,"beginChapterTitle":"第254章 冰龙妈妈 ","bookUrl":"https:\/\/www.zhaishuyuan.org\/book\/0\/18\/","endChapterIndex":265,"beginChapterIndex":257,"time":1645891982.6889992,"deviceId":"5FD5217D-1E7B-476E-B6C5-1DB0C4D10C76","bookName":"不科学御兽","deviceModel":"iPhone 11 Pro Max","deviceName":"ianphone","endTime":1645959739.8821778,"beginPageIndex":15,"endPageIndex":0,"wordCount":340926,"duration":67757.193180799484,"endChapterTitle":"第262章 冰原市最强御兽师 "},{"id":1645979593.3066869,"beginChapterTitle":"第262章 冰原市最强御兽师 ","bookUrl":"https:\/\/www.zhaishuyuan.org\/book\/0\/18\/","endChapterIndex":265,"beginChapterIndex":265,"time":1645979593.309217,"deviceId":"5FD5217D-1E7B-476E-B6C5-1DB0C4D10C76","bookName":"不科学御兽","deviceModel":"iPhone 11 Pro Max","deviceName":"ianphone","endTime":1645979628.8703971,"beginPageIndex":0,"endPageIndex":0,"wordCount":293,"duration":35.561179995536804,"endChapterTitle":"第262章 冰原市最强御兽师 "},{"id":1645985762.1444449,"beginChapterTitle":"第262章 冰原市最强御兽师 ","bookUrl":"https:\/\/www.zhaishuyuan.org\/book\/0\/18\/","endChapterIndex":274,"beginChapterIndex":265,"time":1645985762.145951,"deviceId":"5FD5217D-1E7B-476E-B6C5-1DB0C4D10C76","bookName":"不科学御兽","deviceModel":"iPhone 11 Pro Max","deviceName":"ianphone","endTime":1646020322.646965,"beginPageIndex":6,"endPageIndex":1,"wordCount":291188,"duration":34560.501013994217,"endChapterTitle":"第271章 莫非是虫虫史诗级加强 "},{"id":1646052106321.7039,"beginChapterTitle":"第271章 莫非是虫虫史诗级加强 ","bookUrl":"https:\/\/www.zhaishuyuan.org\/book\/0\/18\/","endChapterIndex":275,"beginChapterIndex":274,"time":1646052106324.125,"deviceId":"5FD5217D-1E7B-476E-B6C5-1DB0C4D10C76","bookName":"不科学御兽","deviceModel":"iPhone 11 Pro Max","deviceName":"ianphone","endTime":1646052312300.3831,"beginPageIndex":1,"endPageIndex":2,"wordCount":33921,"duration":205.9762589931488,"endChapterTitle":"第272章 风起云涌龙宫城 "},{"id":1646052395186.9021,"beginChapterTitle":"第272章 风起云涌龙宫城 ","bookUrl":"https:\/\/www.zhaishuyuan.org\/book\/0\/18\/","endChapterIndex":275,"beginChapterIndex":275,"time":1646052395188.116,"deviceId":"5FD5217D-1E7B-476E-B6C5-1DB0C4D10C76","bookName":"不科学御兽","deviceModel":"iPhone 11 Pro Max","deviceName":"ianphone","endTime":1646052397364.259,"beginPageIndex":2,"endPageIndex":2,"wordCount":311,"duration":2.1761438846588135,"endChapterTitle":"第272章 风起云涌龙宫城 "},{"id":1646053467983.155,"beginChapterTitle":"第272章 风起云涌龙宫城 ","bookUrl":"https:\/\/www.zhaishuyuan.org\/book\/0\/18\/","endChapterIndex":276,"beginChapterIndex":275,"time":1646053467986.126,"deviceId":"5FD5217D-1E7B-476E-B6C5-1DB0C4D10C76","bookName":"不科学御兽","deviceModel":"iPhone 11 Pro Max","deviceName":"ianphone","endTime":1646053930131.3582,"beginPageIndex":2,"endPageIndex":5,"wordCount":32675,"duration":462.1453320980072,"endChapterTitle":"第273章 沧海精灵 "},{"id":1646072275434.4148,"beginChapterTitle":"第273章 沧海精灵 ","bookUrl":"https:\/\/www.zhaishuyuan.org\/book\/0\/18\/","endChapterIndex":285,"beginChapterIndex":276,"time":1646072275437.9832,"deviceId":"5FD5217D-1E7B-476E-B6C5-1DB0C4D10C76","bookName":"不科学御兽","deviceModel":"iPhone 11 Pro Max","deviceName":"ianphone","endTime":1646106417009.2539,"beginPageIndex":5,"endPageIndex":0,"wordCount":141605,"duration":34141.571272015572,"endChapterTitle":"第282章 史莱姆VS小白龙 "},{"id":1646156193294.7559,"beginChapterTitle":"第282章 史莱姆VS小白龙 ","bookUrl":"https:\/\/www.zhaishuyuan.org\/book\/0\/18\/","endChapterIndex":298,"beginChapterIndex":285,"time":1646156193297.728,"deviceId":"5FD5217D-1E7B-476E-B6C5-1DB0C4D10C76","bookName":"不科学御兽","deviceModel":"iPhone 11 Pro Max","deviceName":"ianphone","endTime":1646180046331.8391,"beginPageIndex":0,"endPageIndex":14,"wordCount":93327,"duration":23853.03411090374,"endChapterTitle":"第294章 百年未有之大变局 "},{"id":1646239830195.802,"beginChapterTitle":"第294章 百年未有之大变局 ","bookUrl":"https:\/\/www.zhaishuyuan.org\/book\/0\/18\/","endChapterIndex":319,"beginChapterIndex":298,"time":1646239830197.5632,"deviceId":"5FD5217D-1E7B-476E-B6C5-1DB0C4D10C76","bookName":"不科学御兽","deviceModel":"iPhone 11 Pro Max","deviceName":"ianphone","endTime":1646268839160.7551,"beginPageIndex":14,"endPageIndex":20,"wordCount":26751,"duration":29008.963192820549,"endChapterTitle":"第314章 被史莱姆干碎的幸运儿 "},{"id":1646332123285.71,"beginChapterTitle":"第314章 被史莱姆干碎的幸运儿 ","bookUrl":"https:\/\/www.zhaishuyuan.org\/book\/0\/18\/","endChapterIndex":335,"beginChapterIndex":319,"time":1646332123288.415,"deviceId":"5FD5217D-1E7B-476E-B6C5-1DB0C4D10C76","bookName":"不科学御兽","deviceModel":"iPhone 11 Pro Max","deviceName":"ianphone","endTime":1646332208692.0339,"beginPageIndex":20,"endPageIndex":1,"wordCount":91288,"duration":85.403619050979614,"endChapterTitle":"第328章 机械幻兽诞生 "},{"id":1646332216663.6582,"beginChapterTitle":"第328章 机械幻兽诞生 ","bookUrl":"https:\/\/www.zhaishuyuan.org\/book\/0\/18\/","endChapterIndex":335,"beginChapterIndex":335,"time":1646332216665.062,"deviceId":"5FD5217D-1E7B-476E-B6C5-1DB0C4D10C76","bookName":"不科学御兽","deviceModel":"iPhone 11 Pro Max","deviceName":"ianphone","endTime":1646355761711.01,"beginPageIndex":1,"endPageIndex":1,"wordCount":307,"duration":23545.045948028564,"endChapterTitle":"第328章 机械幻兽诞生 "},{"id":1646383065949.2869,"beginChapterTitle":"第328章 机械幻兽诞生 ","bookUrl":"https:\/\/www.zhaishuyuan.org\/book\/0\/18\/","endChapterIndex":348,"beginChapterIndex":335,"time":1646383065949.8269,"deviceId":"5FD5217D-1E7B-476E-B6C5-1DB0C4D10C76","bookName":"不科学御兽","deviceModel":"iPhone 11 Pro Max","deviceName":"ianphone","endTime":1646390469818.46,"beginPageIndex":1,"endPageIndex":6,"wordCount":138100,"duration":7403.8686339855194,"endChapterTitle":"第341章 神话复苏 "},{"id":1646390487159.4429,"beginChapterTitle":"第341章 神话复苏 ","bookUrl":"https:\/\/www.zhaishuyuan.org\/book\/0\/18\/","endChapterIndex":347,"beginChapterIndex":348,"time":1646390487159.9622,"deviceId":"5FD5217D-1E7B-476E-B6C5-1DB0C4D10C76","bookName":"不科学御兽","deviceModel":"iPhone 11 Pro Max","deviceName":"ianphone","endTime":1646391548638.1909,"beginPageIndex":6,"endPageIndex":3,"wordCount":0,"duration":1061.4782288074493,"endChapterTitle":"第340章 不想当机械师的考古学家不是好考古学家 "},{"id":1646412441094.2922,"beginChapterTitle":"第340章 不想当机械师的考古学家不是好考古学家 ","bookUrl":"https:\/\/www.zhaishuyuan.org\/book\/0\/18\/","endChapterIndex":349,"beginChapterIndex":347,"time":1646412441096.739,"deviceId":"5FD5217D-1E7B-476E-B6C5-1DB0C4D10C76","bookName":"不科学御兽","deviceModel":"iPhone 11 Pro Max","deviceName":"ianphone","endTime":1646413075876.2122,"beginPageIndex":3,"endPageIndex":25,"wordCount":47536,"duration":634.77947497367859,"endChapterTitle":"第342章 冰墩墩十一 "},{"id":1646413078367.0691,"beginChapterTitle":"第342章 冰墩墩十一 ","bookUrl":"https:\/\/www.zhaishuyuan.org\/book\/0\/18\/","endChapterIndex":354,"beginChapterIndex":349,"time":1646413078367.9199,"deviceId":"5FD5217D-1E7B-476E-B6C5-1DB0C4D10C76","bookName":"不科学御兽","deviceModel":"iPhone 11 Pro Max","deviceName":"ianphone","endTime":1646448746988.5891,"beginPageIndex":25,"endPageIndex":0,"wordCount":214015,"duration":35668.620670080185,"endChapterTitle":"第347章 霸主之下无敌 "},{"id":1646505147671.459,"beginChapterTitle":"第347章 霸主之下无敌 ","bookUrl":"https:\/\/www.zhaishuyuan.org\/book\/0\/18\/","endChapterIndex":359,"beginChapterIndex":354,"time":1646505147675.4939,"deviceId":"5FD5217D-1E7B-476E-B6C5-1DB0C4D10C76","bookName":"不科学御兽","deviceModel":"iPhone 11 Pro Max","deviceName":"ianphone","endTime":1646505181015.0718,"beginPageIndex":0,"endPageIndex":0,"wordCount":0,"duration":33.339578986167908,"endChapterTitle":"第352章 第四局时宇 "},{"id":1646505188760.73,"beginChapterTitle":"第352章 第四局时宇 ","bookUrl":"https:\/\/www.zhaishuyuan.org\/book\/0\/18\/","endChapterIndex":359,"beginChapterIndex":359,"time":1646505188761.333,"deviceId":"5FD5217D-1E7B-476E-B6C5-1DB0C4D10C76","bookName":"不科学御兽","deviceModel":"iPhone 11 Pro Max","deviceName":"ianphone","endTime":1646505823683.0449,"beginPageIndex":0,"endPageIndex":1,"wordCount":274,"duration":634.92171204090118,"endChapterTitle":"第352章 第四局时宇 "},{"id":1646617542734.801,"beginChapterTitle":"第352章 第四局时宇 ","bookUrl":"https:\/\/www.zhaishuyuan.org\/book\/0\/18\/","endChapterIndex":366,"beginChapterIndex":359,"time":1646617542738.4189,"deviceId":"5FD5217D-1E7B-476E-B6C5-1DB0C4D10C76","bookName":"不科学御兽","deviceModel":"iPhone 11 Pro Max","deviceName":"ianphone","endTime":1646617587151.7539,"beginPageIndex":1,"endPageIndex":1,"wordCount":32334,"duration":44.413335919380188,"endChapterTitle":"第358章 冻结时间的天霜寒气 "},{"id":1646617590627.1482,"beginChapterTitle":"第358章 冻结时间的天霜寒气 ","bookUrl":"https:\/\/www.zhaishuyuan.org\/book\/0\/18\/","endChapterIndex":366,"beginChapterIndex":366,"time":1646617590627.908,"deviceId":"5FD5217D-1E7B-476E-B6C5-1DB0C4D10C76","bookName":"不科学御兽","deviceModel":"iPhone 11 Pro Max","deviceName":"ianphone","endTime":1646617840023.8362,"beginPageIndex":1,"endPageIndex":0,"wordCount":-302,"duration":249.39592897891998,"endChapterTitle":"第358章 冻结时间的天霜寒气 "},{"id":1647176216737.7661,"beginChapterTitle":"第1章 大夏王朝","bookUrl":"https:\/\/book.qidian.com\/info\/1031101410\/","endChapterIndex":213,"beginChapterIndex":210,"time":1647176216740.166,"deviceId":"5FD5217D-1E7B-476E-B6C5-1DB0C4D10C76","bookName":"公子别秀","deviceModel":"iPhone 11 Pro Max","deviceName":"ianphone","endTime":1647182271010.2051,"beginPageIndex":0,"endPageIndex":8,"wordCount":46549,"duration":6054.2700400352478,"endChapterTitle":"第210章 千叶 "},{"id":1647184267409.728,"bookUrl":"https:\/\/book.qidian.com\/info\/1031101410\/","endChapterIndex":0,"beginChapterIndex":0,"time":1647184267411.7341,"deviceId":"5FD5217D-1E7B-476E-B6C5-1DB0C4D10C76","bookName":"公子别秀","deviceModel":"iPhone 11 Pro Max","deviceName":"ianphone","endTime":1647184273540.686,"beginPageIndex":0,"endPageIndex":0,"wordCount":322,"duration":6.1289528608322144,"endChapterTitle":"第1章 大夏王朝"},{"id":1647184300146.3052,"beginChapterTitle":"第1章 大夏王朝","bookUrl":"https:\/\/book.qidian.com\/info\/1031101410\/","endChapterIndex":0,"beginChapterIndex":0,"time":1647184300147.0408,"deviceId":"5FD5217D-1E7B-476E-B6C5-1DB0C4D10C76","bookName":"公子别秀","deviceModel":"iPhone 11 Pro Max","deviceName":"ianphone","endTime":1647184303440.6628,"beginPageIndex":0,"endPageIndex":0,"wordCount":322,"duration":3.2936232089996338,"endChapterTitle":"第1章 大夏王朝"},{"id":1647184314967.9641,"beginChapterTitle":"第1章 大夏王朝","bookUrl":"https:\/\/book.qidian.com\/info\/1031101410\/","endChapterIndex":218,"beginChapterIndex":0,"time":1647184314968.4382,"deviceId":"5FD5217D-1E7B-476E-B6C5-1DB0C4D10C76","bookName":"公子别秀","deviceModel":"iPhone 11 Pro Max","deviceName":"ianphone","endTime":1647196514302.4851,"beginPageIndex":0,"endPageIndex":8,"wordCount":111042,"duration":12199.334047794342,"endChapterTitle":"第215章 为国献身 "}]