[{"isRegex":true,"id":1,"scope":"","pattern":"(?i)([\\*＊⚹×])+(?=\\1{3})|[\\*＊]|(?<!\\d)×(?=\\d)","replacement":"⚹","group":"星号","name":"#01 格式＊＊","isEnabled":false},{"isRegex":true,"id":2,"scope":"","pattern":"(?i)([\\u4e00-\\u9fa5]{0,3}|[A-Z]{1,3}(?=⚹))((?<![A-Zａ-ｚＡ-Ｚ\\d\"][\\h\\-\\.]?)(?:b[iī]|(?:b[oó]){1,2}|ch[eé]ng\\h?r[eé]n|c[aà]o|ch[aāáà]o?|chu[aá]ng|ch[uū]n|(?:d[aàoò]ng){1,2}|di[aǎ]o|d[uú]|gu[iī]|j[iī]|j[iī]ng|ji[aā][on]|[l1][oò]?[uūù]|(?:l[uǔ][oǒ]){1,2}|(?:n[aǎeè]i){1,2}|n[oò]ng|nv|pi[aá]o|q[ií]ng|r[iìuǔ]|r[oò]u|s[aā]o|(?:s[eèiī]){1,2}|sh[eèē]n?|t[iǐ]|t[iǐ]ng|t[oó]u|t[uú][niǐ]|x[iì][oō]?ng|xu[eé]|y[aáiīíì]ng?|y[eèuù]|zh[eè]ng|(?<=大)[６6](?![\\.%倍成岁])|(?<=吸)D|D(?=[瘾品])|H(?=[文书版])|(?<=[你他])M(?=[的个])|[FHMRZ](?=国)|(?<=狗)R(?=的)|R(?=了狗)|(?<=[我强装傻煞牛撕阴])X(?![光博幻战射基病档计\\-]|先生|女士)|(?<=[装傻牛怂懵撕阴事])(?:AC|B|13)|(?<=[有点儿])(?:AC|B)(?=数)|(?<=[瞎再别直停])BB|JB|(?<=[大小的])JJ|LSP|(?<=[\\n“])MB(?=[，！])|MBD|\\bMD\\b|MDZZ|MLGB|MMP?|NB|NMB|PLMM|QJ|RNM|SB|(?<=[你我这谁就真都是神太又还去瞎])TM|[NT][NM]D|(?<=东躲?)X[CZ]|YD|ZF)(?![\\h\\-\\.]?[A-Zａ-ｚＡ-Ｚ\\d\"])|(?<=\\d个?)(?:W)(?![A-Zａ-ｚＡ-Ｚ\\d\\-])|姊|氵皮|孛力|衤卜|扌喿|口丩|(?<=[强虽诱迷汉])女干(?![部警事掉起了])|女干(?=[杀商臣诈情案罪犯夫细计邪佞雄]|后杀)|忄夬|冫夌|衤果|女眉(?![清目毛头开心眼间飞羽梢骨型笔]儿)|弓虽(?=\\b|女干|大|无敌)|口申|口今(?![生明后天日早晚])|(?<=[\\u4e00-\\u9fa5]\\w{0,3}?[”’）】]?)[\\!\\?]{1,9}|(?<=[\\u4e00-\\u9fa5][A-Z]{0,3}[】）]?):\\h?|,{1,6}(?=[\\u4e00-\\u9fa5]|(?<=[\\u4e00-\\u9fa5]\\W{1,6}))|(?<!\\d|⚹)⚹{1,4}(?!\\d|⚹|\\n))","replacement":"🅱？！：，补快凌万八九姐哔哔勃勃波插潮成人床洞毒龟头韩黄鸡鸡巴激陆撸露出陆漏点媚叫春弄嫖强奸情肉体乳骚色色呻吟身挺腿臀胸穴内射精液硬国军雷锋纳粹奶奶西藏政府中出自慰大法轮漂亮美眉老色批妈卖批性器性奴口交兽交小逼牛逼傻逼日逼日你妈逼日本我操他妈的智障淫欲淫妇淫荡荡阴阳屌丝丝赤裸裸女阴道uc🅱$1🅰$2🅰","group":"星号","name":"#02 标记河蟹","isEnabled":false},{"isRegex":true,"id":3,"scope":"","pattern":"(?i)🅱(?=？！[^🅰]{140,150}🅰[^⚹])[^🅱]*?(？！(?=[^🅰]{1,150}🅰[\\?\\!]{0,7}(?:\\?\\!|\\!\\?)[\\?\\!]{0,7}🅰)|？(?=[^🅰]{1,150}🅰\\?{1,9}🅰)|！(?=[^🅰]{1,150}🅰\\!{1,9}🅰)|：(?=[^🅰]{1,150}🅰:\\h?🅰)|，(?=[^🅰]{1,150}🅰,{1,6}🅰)|姐(?=[^🅰]{1,150}🅰姊🅰)|补(?=[^🅰]{1,150}🅰衤卜🅰)|叫(?=[^🅰]{1,150}🅰口丩🅰)|快(?=[^🅰]{1,150}🅰忄夬🅰)|凌(?=[^🅰]{1,150}🅰冫夌🅰)|裸(?=[^🅰]{1,150}🅰(?:lu[oǒ]|衤果)🅰)|媚(?=[^🅰]{1,150}🅰女眉🅰)|强奸(?=[^🅰]{1,150}🅰QJ🅰)|强(?=[^🅰]{1,150}🅰弓虽🅰)|呻(?=[^🅰]{1,150}🅰口申🅰)|吟(?=[^🅰]{1,150}🅰口今🅰)|奸(?=[^🅰]{1,150}(?:强🅰X|🅰女干|🅰ji[aā]n)🅰)|操(?=[^🅰]{1,150}(?:🅰(?:我🅰X|c[aāà]o|扌喿)🅰))|逼(?=[^🅰]{1,150}🅰(?:AC|B|X|13|b[iī])🅰)|中(?=[^🅰]{1,150}🅰Z🅰)|法(?=[^🅰]{1,150}🅰F🅰)|日本(?=[^🅰]{1,150}🅰R🅰国)|日(?=[^🅰]{1,150}🅰(?:R|r[iī])🅰)|美(?=[^🅰]{1,150}🅰M🅰国)|妈(?=[^🅰]{1,150}[你他]🅰M🅰)|韩(?=[^🅰]{1,150}🅰H🅰国)|黄(?=[^🅰]{1,150}🅰H🅰)|毒(?=[^🅰]{1,150}🅰D[uú]?🅰)|万(?=[^🅰]{1,150}🅰W🅰)|政府(?=[^🅰]{1,150}🅰ZF🅰)|哔哔(?=[^🅰]{1,150}[瞎再别直停]🅰BB🅰)|鸡巴(?=[^🅰]{1,150}🅰JB🅰)|鸡鸡(?=[^🅰]{1,150}🅰JJ🅰)|老色批(?=[^🅰]{1,150}🅰LSP🅰)|妈逼(?=[^🅰]{1,150}🅰MLGB🅰)|妈的(?=[^🅰]{1,150}🅰M[BD]🅰)|妈卖批(?=[^🅰]{1,150}🅰(?:MMP|MBD|NMB)🅰)|妈的智障(?=[^🅰]{1,150}🅰MDZZ🅰)|美眉(?=[^🅰]{1,150}🅰MM🅰)|漂亮美眉(?=[^🅰]{1,150}🅰PLMM🅰)|牛逼(?=[^🅰]{1,150}🅰NB🅰)|傻逼(?=[^🅰]{1,150}🅰SB🅰)|日你妈(?=[^🅰]{1,150}🅰RNM🅰)|他妈的(?=[^🅰]{1,150}🅰[NT][NM]D🅰)|他妈(?=[^🅰]{1,150}🅰TM🅰)|西藏(?=[^🅰]{1,150}🅰X[CZ]🅰)|淫荡(?=[^🅰]{1,150}🅰YD🅰)|勃勃(?=[^🅰]{1,150}🅰b[oó]b[oó]🅰)|勃(?=[^🅰]{1,150}🅰(?:孛力🅰|b[oó]🅰[发起然朗拉兰]))|波(?=[^🅰]{1,150}🅰(?:氵皮|b[oó])🅰)|插(?=[^🅰]{1,150}🅰ch[aā]🅰)|潮(?=[^🅰]{1,150}🅰ch[aá]o🅰)|成人(?=[^🅰]{1,150}🅰ch[eé]ng\\h?r[eé]n🅰)|床(?=[^🅰]{1,150}🅰chu[aá]ng🅰)|春(?=[^🅰]{1,150}🅰ch[uū]n🅰)|屌(?=[^🅰]{1,150}🅰di[aǎ]o🅰)|荡(?=[^🅰]{1,150}🅰d[aà]ng🅰)|荡荡(?=[^🅰]{1,150}🅰d[aà]ngd[aà]ng🅰)|洞(?=[^🅰]{1,150}🅰d[oò]ng🅰)|龟(?=[^🅰]{1,150}🅰gu[iī]🅰)|鸡(?=[^🅰]{1,150}🅰j[iī]🅰[肉排鸭蛋汤胸腿翅巴爪眼贼])|激(?=[^🅰]{1,150}🅰j[iī]🅰)|精(?=[^🅰]{1,150}🅰j[iī]ng🅰)|精液(?=[^🅰]{1,150}🅰j[iī]ngy[eè]🅰)|交(?=[^🅰]{1,150}🅰ji[aā]o🅰)|陆(?=[^🅰]{1,150}(?:🅰[６6]🅰|大🅰l[uù]🅰|🅰l[uù]🅰[地家军]))|撸(?=[^🅰]{1,150}🅰l[uū]🅰[猫狗起串铁管得完个])|露(?=[^🅰]{1,150}[^大]🅰[l1][oò]?[uù]🅰[^地家军])|裸裸(?=[^🅰]{1,150}🅰lu[oǒ]lu[oǒ]🅰)|奶(?=[^🅰]{1,150}🅰n[aǎ]i🅰)|奶奶(?=[^🅰]{1,150}🅰n[aǎ]in[aǎ]i🅰)|内(?=[^🅰]{1,150}🅰n[eè]i🅰)|弄(?=[^🅰]{1,150}🅰n[oò]ng🅰)|女(?=[^🅰]{1,150}🅰n[vüǚ]🅰)|嫖(?=[^🅰]{1,150}🅰pi[aá]o🅰)|情(?=[^🅰]{1,150}🅰q[ií]ng🅰)|肉(?=[^🅰]{1,150}🅰r[oò]u🅰)|乳(?=[^🅰]{1,150}🅰r[uǔ]🅰)|骚(?=[^🅰]{1,150}🅰s[aā]o🅰)|色(?=[^🅰]{1,150}🅰s[eè]🅰)|色色(?=[^🅰]{1,150}🅰s[eè]s[eè]🅰)|丝(?=[^🅰]{1,150}🅰s[iī]🅰)|丝丝(?=[^🅰]{1,150}🅰s[iī]s[iī]🅰)|射(?=[^🅰]{1,150}🅰sh[eè]🅰)|身(?=[^🅰]{1,150}🅰sh[eē]n🅰)|体(?=[^🅰]{1,150}🅰t[iǐ]🅰)|挺(?=[^🅰]{1,150}🅰t[iǐ]ng🅰)|头(?=[^🅰]{1,150}🅰t[oó]u🅰)|腿(?=[^🅰]{1,150}🅰tu[iǐ]🅰)|臀(?=[^🅰]{1,150}🅰t[uú]n🅰)|性(?=[^🅰]{1,150}🅰x[iì]ng🅰)|胸(?=[^🅰]{1,150}🅰x[iī]ong🅰)|穴(?=[^🅰]{1,150}🅰xu[eé]🅰)|液(?=[^🅰]{1,150}🅰y[eè]🅰)|淫(?=[^🅰]{1,150}(?:[宣意手浸能]🅰y[ií]n🅰|🅰y[ií]n🅰[靡威贼窝妇娃秽液棍邪巧乐才]))|阴(?=[^🅰]{1,150}🅰y[iī]n🅰)|阳(?=[^🅰]{1,150}🅰y[aá]ng🅰)|硬(?=[^🅰]{1,150}🅰y[iì]ng🅰)|欲(?=[^🅰]{1,150}🅰y[uù]🅰)|政(?=[^🅰]{1,150}🅰zh[eè]ng🅰))[^🅱]*🅱(\\w{0,3})🅰[^🅰🅱]*🅰","replacement":"$2$1","group":"星号","name":"#03 替换拼音","isEnabled":false},{"isRegex":true,"id":4,"scope":"","pattern":"(?i)🅱？！[^🅱]*?(八九(?=[^🅰]{1,148}(?:(?:十[有之]|[二个]十)🅰⚹⚹🅰|🅰⚹⚹🅰(?:不离十|十年代|玄功|岁?的[少年孩])|[十约有共计是的着了]🅰⚹⚹🅰[点分秒天周月年岁个名位遍座枚部辆台股厘米丈寸公里斤两磅吨成折]))|逼(?=[^🅰]{1,148}[装傻牛撕阴]🅰⚹🅰)|小逼(?=[^🅰]{1,148}🅰⚹⚹🅰崽子)|操(?=[^🅰]{1,148}(?:[曹我体早晨]🅰⚹🅰|🅰⚹🅰[场练蛋纵控作盘]|我🅰⚹⚹🅰\\W))|赤裸(?=[^🅰]{1,148}(?:🅰⚹⚹🅰(?:裸|[着的]\\w{0,5}[身躯胴])|[全浑半上下]身🅰⚹⚹🅰))|屌(?=[^🅰]{1,148}🅰⚹⚹?🅰丝)|大法(?=[^🅰]{1,148}(?:(?:[驱天种][鬼魔]|吸星|[化传][功送]|击地|[解附炼][魂体]|索尼)🅰⚹⚹🅰|🅰⚹⚹🅰[师院官器诀]))|法轮(?=[^🅰]{1,148}[心秘道功办无]🅰⚹⚹🅰[转回流])|龟头(?=[^🅰]{1,148}(?:乌|玄武|忍者神)🅰⚹⚹🅰)|国军(?=[^🅰]{1,148}(?:[帝王公党敌盟中华俄美英法德韩倭米他我本]|共和|联合|灯塔)🅰⚹⚹🅰[队阵旗舰方官人务])|鸡巴(?=[^🅰]{1,148}🅰⚹⚹🅰蜀[店广购商大道路])|鸡鸡(?=[^🅰]{1,148}的小🅰⚹⚹🅰)|叫春(?=[^🅰]{1,148}名🅰⚹⚹🅰风)|口交(?=[^🅰]{1,148}(?:[门窗出入洞站村梯路洞]🅰⚹⚹🅰(?:\\w{0,2}[费款单]|[给易换谈替钱通罚手战火锋])))|雷锋(?=[^🅰]{1,148}(?:🅰⚹⚹🅰(?:精神|日记|同志|塔)|[学活]🅰⚹⚹🅰))|漏点(?=[^🅰]{1,148}透🅰⚹⚹🅰[儿内消])|露出(?=[^🅰]{1,148}🅰⚹⚹🅰\\w{0,4}(?:一[丝副抹]|马脚|嘴脸|破绽|笑容))|裸女(?=[^🅰]{1,148}[全赤]🅰⚹⚹🅰[人子尸])|纳粹(?=[^🅰]{1,148}(?:德国🅰⚹⚹🅰|🅰⚹⚹🅰(?:德国|\\w{0,3}集中营)))|奶奶(?=[^🅰]{1,148}他🅰⚹⚹🅰[的个])|内射(?=[^🅰]{1,148}[朝向队园场室域]\\w{1,2}🅰⚹⚹🅰[来去击杀中])|女阴(?=[^🅰]{1,148}[此仙妖魔]🅰⚹⚹🅰[险谋沉魂])|情(?=[^🅰]{1,148}催🅰⚹🅰[药水])|肉体(?=[^🅰]{1,148}🅰⚹⚹🅰(?:关系|凡胎|交易|上的))|日逼(?=[^🅰]{1,148}[末刑判]🅰⚹⚹🅰近)|傻逼(?=[^🅰]{1,148}你个[大臭]?🅰⚹⚹🅰)|射精(?=[^🅰]{1,148}[发点齐速注]🅰⚹⚹🅰[准度确通神])|兽交(?=[^🅰]{1,148}(?:[禽宠神魔妖]|把\\w{1,2})🅰⚹⚹🅰[出给朋缠流配战])|他妈(?=[^🅰]{1,148}[你我谁真神这🅱]🅰⚹⚹🅰的)|他妈的(?=[^🅰]{1,148}[你我谁真神这🅱]🅰⚹⚹⚹🅰[谁这敢晦是知就])|我操(?=[^🅰]{1,148}🅱🅰⚹⚹🅰[！？…])|性奴(?=[^🅰]{1,125}🅰⚹⚹🅰[役隶])|性器(?=[^🅰]{1,148}(?:[雌雄男女神]🅰⚹⚹🅰[官皿重]|🅰⚹⚹🅰[材械皿]))|穴内(?=[^🅰]{1,148}(?:[巢墓洞窍]|百会|神庭|膻中|气海|天[突柱]|涌泉|[风曲]池|灵台|眉心|[周通]天)🅰⚹{2,3}🅰)|阴道(?=[^🅰]{1,148}[太玄]🅰⚹⚹🅰[体尊])|淫妇(?=[^🅰]{1,148}(?:奸夫🅰⚹⚹🅰|奸🅰⚹⚹🅰女))|淫欲(?=[^🅰]{1,148}[饱暖温]思🅰⚹⚹🅰)|自慰(?=[^🅰]{1,148}(?:亲🅰⚹⚹🅰[问劳]|聊以🅰⚹⚹🅰))|中出(?=[^🅰]{1,148}\\w🅰⚹⚹🅰(?:[手发生现错][了\\h]|了[一个岔错]))|uc(?=[^🅰]{1,148}f🅰⚹⚹🅰k))\\w*🅱(\\w{0,3})🅰⚹{1,4}🅰","replacement":"$2$1","group":"星号","name":"#04 替换＊＊","isEnabled":false},{"isRegex":true,"id":5,"scope":"","pattern":"(?i)🅱？！：[^\\n🅰🅱]{137,147}🅱(\\w{0,3})🅰([^\\n🅰🅱]*)🅰","replacement":"$1$2","group":"星号","name":"#05 标记还原","isEnabled":false},{"isRegex":true,"id":6,"scope":"","pattern":"^\\s+|\\s+$|\\r(?=\\n)|(?<=\\n\\h{0,4}[^\\n]{0,48}|[^\\n]{49})(?:(?<=[\\n“‘《（【［「『，、])\\s+|\\s+(?=[”’》）】］」』。：；，、]))|(?<=[”’》）】］」』。：；！？—…\\.\\-])\\h+|\\h+(?=[\\n“‘《（【［「『。：；！？—…\\.\\-])|[，、]+(?=[，、。：；！？—…～~])|[，、：；](?=[）】］])|(?<=[！？]{2})[\\!\\?]+|(?<=\\W[“‘]|[「『（【［])[！？。，、—…～~_]+(?=《?\\w)|(?<=\\w[》%]?)[。、，！？—…～~]{1,6}(?=？！|([—…～~])\\1|[？！]{2}[^\\n\\w？！]?\\b)|([。！？—…～~\\.\\-])(?=\\2\\2)|([—…~～]+)\\n\\h*(?=\\3)|(?<=[！？。：；])(?!-\\d)[\\?\\!\\-～~]+|(?<!\\d\\[^\\n\\d]{0,2}\\-)[\\?\\!\\-～~]+(?=[！？。：；])|(?<=[。！？—…⁓~〜～][“”‘’「」『』])[⁓~〜～]+\\b|(?<=[\\u4e00-\\u9fa5])[\\\\／\\|](?=[\\u4e00-\\u9fa5])|(?<=\\h[\\u4e00-\\u9fa5])\\h+(?=[\\u4e00-\\u9fa5]\\n)|(?<=[这那几一了]句“\\w{1,9})[！？。]{1,6}(?=”\\w)|\\h?[\\u25a0-\\u26ff〒〓&&[^⚹■★☆]]\\h?","replacement":"","group":"转化","name":"#06 标点  空  ","isEnabled":false},{"isRegex":true,"id":7,"scope":"","pattern":"[\\u2025\\u2026\\u22ef]+|[\\u002e\\u00b7\\u0387\\u1802\\u2022\\u2024\\u2027\\u2219\\u22c5\\u2810\\u2e31\\u2e33\\u30fb\\uff0e\\uff65]{2,}(?!(?<=\\u002e{0,2})\/)|[\\u2e30\\u3002\\uff61\\uffee]{2,}|(?<=\\w)\\.(?=[”’])|(?<=[\\u4e00-\\u9fa5])[％%](?=\\n)|(?<=[\\u4e00-\\u9fa5])[⁓~〜～]+(?:(?=[\\u4e00-\\u9fa5])|[，、。！？]+)|(?<=[\\u4e00-\\u9fa5])[，、](?=[”’」』])|(?<=…[\\u4e00-\\u9fa5]{1,7})\\b(?=[\\n”’）】」』])|[，、；（【「『《]+$|(?mi)(?<=(?:\\n\\w?|[。…]|[^？]{2}[^？\\w]“)\\w{1,3})。(?<!”\\n?\\w{1,3}[说道问答]。)(?=”?$)|(?<=\\n[^\\n]{0,45}\\w(?:[、”]?“\\w{1,9}”|[，、】]?【\\w{1,9}】))$|(?<=「【\\w{1,9}】|「『\\w{1,9}』)(?=」)|(?<=(?:[说道][，：]“|[，。！？—…])\\w{1,16}|[^\\n：“”（）【】]{18})\\b(?=[”】）]$)|(?<=[\\n：]“[^\\n：“”]{1,18}|[^\\n：“”]{19})(?<=\\w[》%]?)(?=”$)|(?<=\\w)\\b(?=”(?:“[^\\n“”]{1,24}”){1,3}(?<!\\w”)\\n)|(?<=[说道]：“\\w{1,9})\\b(?=”\\b)(?!”\\w{1,9}“)|(?<=[\\n：]“(?:[\\w，、。！？]{11,32}|[您你我他她它是请就]\\w{1,9}|[\\w，…—]{1,9}[的啊嗯呢嗨呵嘿哼咳哦吧了]))\\b(?=”(?!\\n|[^\\n：“”]{0,2}“))|(?<=是[“「]\\w{1,9}[”」])$","replacement":"……","group":"转化","name":"#07 标点……","isEnabled":false},{"isRegex":true,"id":8,"scope":"","pattern":"(?i)(?<=\\n|\\w[^\\n\\w]{0,3})([\\u002d\\u2010-\\u2015\\u2212\\u2500\\u2501\\u2574-\\u257b\\u268a\\u2e3a\\u2e3b\\uff0d\\uff70\\uffda⁓~〜～])(\\1+|(?<![\\dA-Z]-)[，、。]+|(?<![\\dA-Z]-)(?=[”）】］｝」』〕〙〗]|\\n|$))|(?m)(?<=\\n)((?:-|—|_|×|⚹){2,}$|[■](?=(?:\\[\\w{1,4}\\])?[\\w\\u00b7]+$)|(?:[^\\n\\w“”…]){3,}$)","replacement":"——","group":"转化","name":"#08 标点——","isEnabled":false},{"isRegex":true,"id":9,"scope":"","pattern":"[\\u002d\\u2010-\\u2013\\u2015\\u2212\\u2500\\u2501\\u2574-\\u257b\\u268a\\u2e3a\\u2e3b\\uff0d\\uff70\\uffda⁓~〜～]|→|(?<!—)—(?!—)|(?<=\\d[%％年级号]?)—{1,2}(?=\\d{1,4}[%％年级号】）\\)\\n])|(?<=\\d\\d:\\d\\d)—{1,2}(?=\\d\\d:\\d\\d)","replacement":"-","group":"转化","name":"#09 标点 － ","isEnabled":false},{"isRegex":true,"id":10,"scope":"","pattern":"(?:「{2,4}|[“”\"‘’【（「『])((?<=(?:\\n[^\\n‘’“”]{0,49}|[\\u4e00-\\u9fa5][：，]?)(“|”))(?![：。，、])(?<!“[^\\n“”]{1,49}”)[^\\n“”]+(?=\\2)(?<![：，、])(?!“[^\\n“”]{1,49}”)|(?<=(‘|’))(?![：。，、])(?<![‘“][^\\n“”‘’]{1,49}’)[^\\n“”‘’]+(?=\\3)(?<![：，、])(?!‘[^\\n“”‘’]{1,49}[’”])|(?<=\")(?=\\w{0,9}?[\\u4e00-\\u9fa5])[^\\n\"“”]+[。！？—…](?=\")|(?<=“)[^\\n“”]+[。！？—…](?=\\n“)|(?<=\\n【)[^\\n【】“”]+[。！？—…](?=】[\\w—])|(?<=[：，]【)[^\\n【】“”]+[。！？—…](?=】[\\w\\n])|(?<=：（)[^\\n（）“”]+(?=）\\n)|(?<=‘)(?<![“‘][^“”‘’]{0,49}‘)(?:[^“”‘’]{1,225}|[^\\n“”‘’]*‘[^\\n“”]+’[^\\n“”‘’]*)[，。！？—…](?=’)(?!’[^“”‘’]{0,49}[”’])|(?<=「{1,4})[^「」“”]{0,225}(?=」{1,4})|(?<=『)[^『』“”]{0,225}(?=』))(?:」{2,4}|[“”\"‘’】）」』]|(?=\\n“))","replacement":"“$1”","group":"转化","name":"#10 标点＂＂","isEnabled":false},{"isRegex":true,"id":11,"scope":"","pattern":"[‘’“”\"『〈【]((?<=‘)[^\\n‘’]*\\n?[^\\n‘’]*(?=[‘’])(?!‘[^\\n“”‘’\"]{1,49}’)|(?<=\")(?<![=:]\\h?\")[^\\n\"“”]+[\\u4e00-\\u9fa5]\\b(?=\")|(?<=『)[^\\n『』]*(?=』)|(?<=〈)[^\\n〈〉]*(?=〉)|(?<=(?:\\n[^\\n]{0,35}|[^\\n]{36})【)(?!注\\d{0,2}[】：:])[^\\n【】「」]{1,9}(?=】(?:【[^\\n【】「」]{1,9}】){0,5}\\w|(?<=[^】]【\\w{1,9})】[^\\n【：:])|(?<=(?:\\n[^\\n]{0,35}|[^\\n]{36})“)[^\\n“”「」]{1,24}(?=”)(?!”(?:“[^\\n“”]{1,24}”){0,3}\\n)(?=(?<=[\\u4e00-\\u9fa5]“\\b[\\w，]{1,24}\\b)”|”[，、和或与及]“|(?<=”[，、和或与及]“[^\\n“”]{1,24})”|”[^\\n“”]{0,24}”|(?<=“[^\\n“”]{0,24}“[^\\n“”]{1,24})”|\n(?<=“[\\+\\-×÷=%]{1,18})”|(?<=“\\b[\\w，]{1,24}\\b)”[^\\n：“”]{0,18}“\\b[\\w，]{1,24}\\b”|(?<=“\\b[\\w，]{1,24}\\b”[^\\n：“”]{0,18}“\\b[\\w，]{1,24}\\b)”|(?<=\\w(?:“[^\\n「」“”]{1,12}”){0,3}“[^\\n「」“”]{1,12})”[，、。；！？—…“]|(?<=[^：]“\\b[\\w，]{1,24}\\b)”(?:[让令使][你我他她那这此某众诸人得在]\\w{2}|\\w{1,3}[个句][字词诗话])|(?<=“[^\\n“”]{1,18})”(?:“[^\\n“”「」]{1,18}”){0,4}(?:[时式]的|的[^的确]|为由|之[类流]|式地|了(?!解)\\w{1,3}几?声|一声\\b|[上中下内外里时了声值][，。！？]|[。！？—…]{1,3}\\n))|(?<=[^：]“)(?<!(?:[^知之]道|[^小传]说|[问答喊忖])，“|\\h\\S{0,18}“)(?!\\w{1,5}[：:]|(?<=[\\n，。！？—…]“)(?:[不行是好对]”|[你我他她它祂谁请这那是]\\w{0,24}”)[\\n\\w])(?:[^\\n“”「」。；！？—…]{0,24}\\w[》％%]?)(?<![啊吧呗诶嗯啦噜吗嘛麼么呢哦嘻呀哟了])(?=”)(?!”(?:“[^\\n“”]{1,24}”){0,3}\\n))[‘’“”\"』〉】]","replacement":"「$1」","group":"转化","name":"#11 标点「」","isEnabled":false},{"isRegex":true,"id":12,"scope":"","pattern":"([\\{\\[［｛『〔〘〖])([^\\n\\{\\}\\[\\]［］｛｝\\u3010-\\u3019]*\\n?[^\\n\\{\\}\\[\\]［］｛｝\\u3010-\\u3019]*)([\\}\\]］｝』〕〙〗]|(?=\\n\\1))","replacement":"【$2】","group":"转化","name":"#12 标点【】","isEnabled":false},{"isRegex":true,"id":13,"scope":"","pattern":"[\\(（【]((?<=[\\(（])[^\\n（）\\(\\)]+(?=[\\)）])|(?<=：[\\w\\.\\-]{1,12}【)[^\\n【】（）]+(?=】\\n)|(?<=【)[^\\n【】]+(?=】[^\\n《》【】]{0,16}》|】(?:[^\\n】]{0,24}】){0,3}?[^\\n【】]{0,24}】)|(?<=【[^\\n【】]{0,24}(?:【[^\\n【]{0,24}){0,3}?【)[^\\n【】]+(?=】))[\\)）】]","replacement":"（$1）","group":"转化","name":"#13 标点（）","isEnabled":false},{"isRegex":true,"id":14,"scope":"","pattern":"(?i)<(center|font)(?:.(?!\\hsrc\\h?=\\h?[\"']))+?<\/\\1>|<\/br>|&[A-Z;]+;|(?<![A-Z])&?(nbsp|quot|amp|lt|gt);|#[A-Z][0-9A-Z]{4};|\\\\r\\\\n|[记首本一]\\W?[住发书秒]\\W?[域网记]\\W?[名址站住][^\\n\\u4e00-\\u9fa5，、！？…—“”]+(?<!。)|(?<!=\\h?[\"'])https:\/.+\\.(?:com|net|cn|cc|tw|hk|edu|org|us|in|info|pro|xyz|club|work|space|html?|php|aspx?|txt|json|zip)\\b\/?|(?:[HＨ](?<!=[\"']H)[TＴ]{2}[PＰ][SＳ]?:\/\/|(?<![@A-Z]))(?:[\\dA-ZＡ-Ｚ][\\.．])?(?:[\\dA-ZＡ-Ｚ]{2,18}[\\.．]){1,3}(?!GIF|PNG|JPE?G)[A-ZＡ-Ｚ]{2,4}\\b(?![A-ZＡ-Ｚ]|[\\.,:;!\\?]|[^\\n\"']{0,32}[\"'])([\/][_\/=&%;。．\\.\\-\\?\\dA-ZＡ-Ｚ]*)?","replacement":"","group":"净化","name":"#14 净化网址","isEnabled":true},{"isRegex":true,"id":15,"scope":"","pattern":"(?<=。|——|……|？！|！？|[。！？—…]”)[、，。：；！？!\\?\\.]+|([！？])(?=\\1[！？])|(?<=[：“《【（「])[…—_]+\\n?(?=\\w)|(?<=\\w[【（][\\w，、]{1,19})[。：；—…]{1,2}(?=[】）])|(?<=\\n)…+(?=[\\w“「])|(?<=「[^\\n「」]{1,9})[。！？—…]+(?=」(?:「[^\\n「」]{1,9}」){0,2}(?:[，、。：！？—…]|[时式]的|的[^的确士哥姐]|为由|之[类流]))|(?<=\\w)[。！？—…]+(?=」[和或与及，、]「)|(?<=」[和或与及，、]「\\w{1,14})[。！？—…]+(?=」)|(?<=\\n[^\\n]{0,39}”\\n?)[“”‘’]+(?=\\n?“)|(?<=\\w[”》」]?[！？])[，、：；…—]+|(?<=\\w[”》」]?([。；]|[…—]{2}))[，、：；！？…—]+|[，、\\-]+(?=[，、。！？—…])|(?<=\\n[^\\n]{1,25}|[“（【][^“”（）【】]{25,49})\\n(?=[^“”（）【】]{0,49}[。！？—…][”）】])|(?<=\\n[^\\n]{0,19}\\w[：:])\\n(?=“[^\\n“”]{1,20}[。！？—…]”|“[^\\n“”]{22})|(?<=\\n“[^\\n]{0,24}[。！？]”)\\n(?=[\\u4e00-\\u9fa5]{1,15}[说道问答喊忖]。\\n)|(?<=\\n“[！？…]{1,2}”)\\n(?![“”])|(?<=\\n\\w[^\\n\\w]{1,2})\\n(?=\\w[^\\n\\w]{1,2}\\n)","replacement":"","group":"净化","name":"#15 净化标点","isEnabled":true},{"isRegex":true,"id":16,"scope":"","pattern":"(\\n[^\\n\\w]{2,6})\\n+(?:更多精校|本书由)[^\\n]+(?:\\1\\n|\\1?$)|<![^\\n<>]+>|(?:[网文小说]\\W){4}|\\h?[【\\(（](?:见本章说|未完待续|[全本][书文章卷]完|第\\w{1,3}[集卷部]完|本章[\\u4e00-\\u9fa5]{2,3}|[\\u4e00-\\u9fa5]{0,3}下一页|(?:[插地]图|图片)P?\\d+|注释?\\d*|注：[^\\n\\(\\)（）【】]{1,18})[。…]{0,2}[】\\)）]|(?mi)(?<=[。！？…]”?)(?:更新最快|顶点小说|火然[^\\n\\w]文[^\\n\\w]|(?:手机端|顶点Ｘ)[A-ZＡ-Ｚ\\d\\.]{1,18}|(?:@无限好文|请百度搜索)[^\\n]{1,20})$|\\n(?:\\w{1,3}版\\h转自|图源|录入|轻之国度|校对|二校|翻译|译者|插[图画]|设计|润色|[修扫]图|制作|出版社?|开本|印数|丛书|版次|ISBN|发布于|插图P\\d+)[\\h：][^\\n]*$|\\n(?:目录|返回[主总]?目录|[上下前后首末翻]一?[页章]|分割线)$","replacement":"","group":"净化","name":"#16 净化短语","isEnabled":true},{"isRegex":true,"id":17,"scope":"","pattern":"(?i)(?<!\\w)\\n——(?:\\n[\\S\\s]{1,99})$|\\n第(?:\\d{1,4}|[一二三四五六七八九十百千两零〇]{1,7})[章节话卷部集折回][^\\n]{0,18}(?<=\\w)(?:\\n[^\\n]{0,8}[\\u4e00-\\u9fa5]){0,2}(?=\\n)|\\n[【（]?(?:PS\\d?|作者的话)[：:][^\\n]*(?:\\n[^\\n]+){0,4}$|(?<=[。！？（）【】])\\bPS\\d?[：:](?:[^\\n“]+(?=”)|[^\\n（]+(?=）)|[^\\n【]+(?=】)|[^\\n]+(?=\\n|$))|\\n(?:PS\\d?[：:][^\\n]+)(?=\\n)|(?<=[^\\n）】：])\\n[【（][^\\n【】（）]+(?:\\n[^\\n【】（）]+)?[）】]$|\\n[^\\n]*(?:公众号|推荐票|支持正版|月票|加更|推荐\\S{0,11}[《书])[^\\n]*$|(?mi)\\n(?:您可以在百度里|下载后请在24小时|点此章节报错|请记住本书首发|本书版权归|每天更新时间|新书期间|当前网址|#送\\d+现金红包#|广个告，|(?:本书)?仅供个人学习|感谢[^\\n]*(?:投出|灌溉)[^\\n]+小天使|本书由\\S{1,11}收集|喜欢\\S{1,19}?请大家收藏)[^\\n]*$|\\n[^\\n]+(?:[退支][出持]阅读模式！|领现金红包！)$|\\n[^\\n]*(?:[今明][天日早晚][一二两三四五六七八九十加补爆]更(?!天)|[今明][天晚]的更新|求勒个票|新书上传|起点APP|阅读网址|本站访问地址|精校小说|全文字小说|秒钟记住本小说|本作品来自|更多好书请访|无弹窗免费|如果觉得此文|看书即可领现金|按键返回上一页|向您QQ群和微博|转载请保留信息|书[币友]的?打赏|作者的话：|书友\\w{0,5}群：|微信\\w{2}号：|\\b测试章节！|亲\\W本站域名|书籍全\\W更新快|加入书签\\W方便阅读|章节错误\\W点此报送|最快更新\\W无弹窗|文字更新\\W速度|本章未完\\W点击|版权所有\\W侵权|最快更新\\S{0,16}?最新章|公众号\\S{0,16}?领红包)[^\\n]*$","replacement":"","group":"净化","name":"#17 净化段落","isEnabled":true},{"isRegex":true,"id":18,"scope":"","pattern":"(?i)(?<=\\n)\\n+|(?<=\\n“[！？…]{1,6}”)\\n(?=\\w)|\\u007c|［］|【】|（）|\\(\\)|「」|‘’|“”|(?:(?<=\\n\\S{29,39}[\\u4e00-\\u9fa5])(?<![编著译譯]|(：|；|—)[^\\n“”\\1]{1,9})\\n(?=[\\u4e00-\\u9fa5])(?!\\w{1,5}：【?\\w)|(?<=\\n((?:\\w|[^\\n：“”]{2,9})[。！？—…]{1,3}))\\n(?=[^\\n：“”]{0,6}\\2)|(?<=\\n[^\\n]{1,49})(?:(?<=“[^\\n“”]{1,31})\\n“?|(?<=「[^\\n“”「」]{1,31})\\n「?|(?<=‘[^\\n“”‘’]{1,31})\\n‘?|(?<=【[^\\n【】]{1,31})\\n【?))(?![^\\n：。！？—…]{1,9}\\w[\\n：])|(?<=\\n[^\\n]{1,49})\\n(?=[^\\n“”「」]{0,31}」|[^\\n“”]{0,31}”|[^\\n【】]{0,31}】)|[。！？]+(?=”(?:[时式]的|的[^的确士哥姐]|为由|之类|：))","replacement":"","group":"净化","name":"#18 净化杂项","isEnabled":true},{"isRegex":true,"id":19,"scope":"","pattern":"(?m)[０-９Ａ-Ｚａ-ｚ＃＄％＆＋／＝＠]|(?<=^(?:\\w\\w)?(?:简介|介绍|概要|作者|角色|人物|说明|资料|百科|大全|[档方]案|日志|面板|列表|公告|任务)|如下)$|(?<=\\D\\d?\\d)：(?=\\d\\d\\D)|(?<=\\n“)[？！…](?=[？！…]?”)","replacement":"🅰$0🅱〈：〉０〈0〉１〈1〉２〈2〉３〈3〉４〈4〉５〈5〉６〈6〉７〈7〉８〈8〉９〈9〉Ａ〈A〉Ｂ〈B〉Ｃ〈C〉Ｄ〈D〉Ｅ〈E〉Ｆ〈F〉Ｇ〈G〉Ｈ〈H〉Ｉ〈I〉Ｊ〈J〉Ｋ〈K〉Ｌ〈L〉Ｍ〈M〉Ｎ〈N〉Ｏ〈O〉Ｐ〈P〉Ｑ〈Q〉Ｒ〈R〉Ｓ〈S〉Ｔ〈T〉Ｕ〈U〉Ｖ〈V〉Ｗ〈W〉Ｘ〈X〉Ｙ〈Y〉Ｚ〈Z〉ａ〈a〉ｂ〈b〉ｃ〈c〉ｄ〈d〉ｅ〈e〉ｆ〈f〉ｇ〈g〉ｈ〈h〉ｉ〈i〉ｊ〈j〉ｋ〈k〉ｌ〈l〉ｍ〈m〉ｎ〈n〉ｏ〈o〉ｐ〈p〉ｑ〈q〉ｒ〈r〉ｓ〈s〉ｔ〈t〉ｕ〈u〉ｖ〈v〉ｗ〈w〉ｘ〈x〉ｙ〈y〉ｚ〈z〉＃〈#〉＄〈$〉％〈%〉＆〈&〉＋〈+〉／〈\/〉＝〈=〉＠〈@〉…〈呃…〉？〈蛤？〉！〈啊！〉：〈:〉🅱","group":"可选","name":"#19 ⬇️全角⬇️","isEnabled":false},{"isRegex":true,"id":20,"scope":"","pattern":"🅰([^\\n🅰🅱]*)🅱[^\\n🅰🅱]*?\\1〈([^\\n〈〉]*)〉[^\\n🅰🅱]*🅱","replacement":"$2","group":"可选","name":"#20 ➡️半角⬅️","isEnabled":false},{"isRegex":true,"id":21,"scope":"","pattern":"\\b[\\u002e\\u00b7\\u0387\\u1802\\u2022\\u2024\\u2027\\u2219\\u22c5\\u2810\\u2e31\\u2e33\\u30fb\\uff0e\\uff65]\\b(?![^\\n\"']{1,27}[\"'])(?=[\\u4e00-\\u9fa5]|(?<=[\\u4e00-\\u9fa5]\\S))|(?<=[\\u4e00-\\u9fa5][，、。、：；！？—…“”「」【】（）《》]{0,2}\\n?[a-zA-Z\\u002e]{1,18})\\b\\u002e\\h?\\b(?=[a-zA-Z\\u002e]{1,18}[\\u4e00-\\u9fa5])","replacement":"•","group":"可选","name":"#21 西式姓名","isEnabled":false},{"isRegex":true,"id":22,"scope":"","pattern":"(?mi)(“[^\\n“”]{11,25}”[^\\n“”]{0,5}|\\n\\S{2,40}$|\\b[\\u4e00-\\u9fa5][^\\n“”]{6,24}\\b[。！？—…]{1,2})(?=\\1)|([\\u4e00-\\u9fa5][^\\n“”]{1,5})\\b([，、。！？—…]{1,2})(?=\\2\\3\\2)|(！|？|—|…|“[^\\n“]{3,9}|「[^\\n「]{3,9}|（[^\\n（]{2,9}|【[^\\n【]{2,9})(?=\\4{2})|(“\\S”|「\\S」|[\\u4e00-\\u9fa5][\\w，、。！？—…]{0,2}?)(?=\\5{3})","replacement":"","group":"可选","name":"#22 叠音词组","isEnabled":false},{"isRegex":true,"id":23,"scope":"","pattern":"(\\n[^\\n]*\\w(?:%|：(?=[【（]))?(?<![”】]——[^\\n—]{1,14}\\w)(?:[【（][^\\n【】（）]{1,12}[】）])?(?=\\n)|(?:\\b[\\u4e00-\\u9fa5]{2,6}：[\\+\\-]?\\d[\\d\\.%\/]{0,9}[\\+\\-]?)(?=[，、。]?[\\u4e00-\\u9fa5]{2,6}：)|[\\u4e00-\\u9fa5]\\b(?=，[二三四][来则][嘛呢]?，))(?!(?<=\\n\\w{1,15})\\n\\w{2,4}：)[，、。]?","replacement":"$1；","group":"可选","name":"#23【分号】","isEnabled":false},{"isRegex":true,"id":24,"scope":"","pattern":"[\\.，、：；]+(?=[”」』】］）])|(?<=[的来了吗么呢哦事我子着])(?:\\.(?![A-Z])|•)|(?<=(?:\\n[^\\n]{0,34}|[^\\n\\h]{35})\\w\\b[」》%]?)(?=[\\n”）】])(?<!：[^\\n：；“”]{1,14})(?!\\n\\w{2,4}：\\b)(?=”?\\n|”[^\\n：“”]{2,20}(?:：“|，“[^\\n“”]{1,19}[。！？—…]”)|(?<=[\\w「」]{15})(?:”\\b|[】）]\\n))|(?<=[\\w「•」，、]{11})(?<!，(?:\\w{1,3}|\\w{3}[说话之间反知前后时刻言外问候声底来了儿]|[但可而在]\\w{3,4}))，(?=[^\\n“”。：；！？—】）』]{11})(?=(?:哦?不|罢了|[再又]?比如说?|毕竟|并且|不[过然料]|不然的话|不多时|不曾想|不远处|不得不说|[从故如为因由在自至]此|(?<!虽[\\w，]{2,16})但是|当[即下]|当然了?|到时候|到[那这]时|的确|\\w[的地]一声|第[一二三四五]|哦?对了|[顿到]时|而[且后]|尔后|俄顷|否则(?:的话)?|果然|还有|好吧|更?何况|忽[然地]|话说|换句话说|结果|接着|接下来|届时|今[日后]|尽管|就这样|据说|看来|看上去|可以说|可想而知|况且|例如|凛冽间|另外|妈的|没错|没办法|蓦[然地]|那么|难不成|难道说?|其后|起初|然[而后]|[饶既][是便]?如此|如若不然|所以[啊]?|虽然|少[顷时]|甚至于?|试问|是[夜的]|首先|想来|旋即|要不然|要[么不]|也[是罢]|也就是说|翌日|因为|尤其|有道是|于是乎?|原[来本]|再[说者次]了?|在\\w{1,2}看来|怎[么麼]|总之|总而言之|总的来\\w|这不|这时候|[这那][样么][说看]来|至少|(?:片刻)?之[前后]|只[是怕]|只不过|只可惜|终于|诸位|\\b[但而可]?(?:[一二三四五六七八九十两多半数几][秒刻天日周月年][前后]|按理来?说|\\w{0,2}此[时刻外]|除此\\w外|不曾想|不一会儿?|反[正之]|当[时初]|对\\w来说|刚才|归根结底|毫无疑问|很快|很多时候|换言之|或[者许]说?|假如|届时|近日|紧?接着|[就恰]在[此这]时|久而久之|可[是惜]|老实说|没想到|目前|那时候?|其[次实中时]|如[果今]|(?:如此|[这那]样)一来|随[后即之]|霎时间|实际上|事实上|说到底|说(?:白了|真的)|同[时样]|同一时[间刻]|突然|下一刻|现在|很?显然|眼下|一般(?:来说|而言)|一直以来|于\\w而言|正[好巧]||正?相反|有的?时候|与此(?:同时|相反)|最[终后]|这年头|这其中|[这那]一[刻瞬次]|这[次时样]|(?:刹那|顷刻|须臾|猛然|恍惚|[一转]瞬|[转眨]眼|一时)之?间))[，…])","replacement":"。","group":"可选","name":"#24【句号】","isEnabled":false},{"isRegex":true,"id":25,"scope":"","pattern":"(如下：(?!\\n)|(?:[^\\n【】]{2}】)(?=【\\w{1,9}：)|(?:[^\\n“”][。；！？]”?)\\b(?=[\\w•&&\\D]{2,18}：[^\\n“])|(?:[^\\n“”：]{18}；)\\b(?=[^\\n“”：]{19})|(?:[。！？—…]”)(?=(?:“[^\\n“”]{1,19}[。！？—…]”){1,3}\\n)|(?:(?<=[^\\n“”][。！？—…]”[^\\n“”：；]{2,18})[说道问答喊忖]。|(?<=\\w：“[^\\n“”]{1,38}|[^\\n“”]{39})[。！？—…][”])(?=[^\\n“”：；。！？]{2,37}：“[^\\n“”]{2}|[^\\n；”]{14,39}[。！？—…]”\\n|[^\\n；”]{40})|(?<=[^\\n：；]{9})(?:[：；]|[。！？…]{1,2}”?)(?=(?:[第其](?!\\w{1,2}[则是来者]))?[一二三四五六七八九十]{1,2}[则是来者]?[，、]|（[一二三四五六七八九十]{1,3}）[^\\n]|[①-⓿][^\\n]|（[^\\n（）]{20,50}[。！？…]）\\n)|(?:[^\\n：；]{24}|(?:(?=[^：；]|：“)[^\\n]){32})[。！？—…][”’】］）』]?(?<![。！？—…]\\w{1,7}[！？—…]{1,2})(?=[^\\n、，。：；！？—…][^\\n]{32})(?!(?<=(\\w{1,3})[—…]{2})\\2|(?<=[—…”])[^“”。：；！？—…]{1,15}(?:[。；！？—…]|：[^“「])|(?<=”)[^“”。：；！？—…]{1,27}[，。：]“|(?<=……)(?:[等略]|[时式]的|的[^的确士哥姐])|(?<=[”’】］）』])[的地]))(?<!“[^\\n”]{1,39}|‘[^\\n’]{1,39}|「[^\\n」]{1,39}|『[^\\n』]{1,39}|（[^\\n）]{1,39}|【[^\\n】]{1,39}|［[^\\n］]{1,39}|《[^\\n》]{1,39})(?![^\\n“]{0,39}”|[^\\n‘]{0,39}’|[^\\n「]{0,39}」|[^\\n『]{0,39}』|[^\\n（]{0,39}）|[^\\n【]{0,39}】|[^\\n［]{0,39}］|[^\\n《]{0,39}》)","replacement":"$1\n","group":"可选","name":"#25 分割🔰段落","isEnabled":false},{"isRegex":true,"id":26,"scope":"","pattern":"(?<=\\n[^\\n“‘（【]{0,8}|[^\\n“‘（【]{9})([^\\n“‘（【]{9}[^\\n“‘（【。！？；…]{19})(?<!「[^\\n」]{1,19}|《[^\\n》]{1,19})，(?![^\\n「]{1,19}」|[^\\n《]{1,19}》)(?=[^\\n”’）】。！？；…]{19}[^\\n”’）】]{10}(?:[^\\n”’）】]{0,8}(?:\\n|$)|[^\\n”’）】]{9}))(?=(?:\\w{1,2}的\\w{1,3}，|[你我他她它祂您]\\w{1,6}，|[作身]为\\w{1,6}，)?(?:(?:\\w{0,3}([\\u4e00-\\u9fa5])了\\2|[一二三四五六七八九十]来?|[不对好]|[这那上下]一[刻秒点天年瞬]|\\w{0,3}(?:[啊哎唉呃嗯咕哈呵嘿哼哐哦喔噢噗砰嘶哇唔呜呀咦呦啧])|(?:\\w|\\w{2}多?)?年[前后来间]|\\w{1,3}(?:一[来想看瞧]|而言|样吧|么着|以来|来[说看]|(?:小时|分钟|钟头|[刻秒天周日月年])(?:[之以]?[内前后後间]|中|过后)|[以之][上下前后内外]|之[时间余际])|[更最]\\w{1,3}的是|[当等待]\\w{1,7}(?:时候|[之以][时来后际])|[和与]\\w{1,7}[同样似仿比较]|[从自]\\w{1,7}(?:[起始想虑]|[来上]看|[以之][前后]|眼[睛神光泪][里中])|就?在\\w{1,7}(?:之际|同时|关头|刹那间?|[瞬期时之]间|[这那上下]一[刻秒瞬]|\\w{0,6}时[候刻]))，|(?<=[^，]{4}，)(?:按理来?说|本来就\\w{1,3}的|毕竟[^是]|[再就又]?比如|比起\\w{1,6}来|不[但过料然只]|不[管仅]\\w?是|不一会|不多时|[不没未]曾想|不久[以之]?[前后]|此外|[从自除]此[以之]|刹那间|而?除非|单[单就是说]|(?<!(?:虽|本来)\\S{1,15})但[^丁]|当然[你我他她它您那这此某众诸]|当\\w{1,16}的时候|到那时|到时候|[那这]?倒不?是|\\w{2,3}的时候|顿[时觉]|而\\S{1,6}[却虽则更是]|反[正倒]|(?<!不仅\\S{1,12})(?:反而|而且)|非但|否则|更?何况|姑?且不[说论]|故而|果不其然|换句话说|可?即[使便]|既然|基本上|假[如若设]|鉴于|简而言之|届时|接下来|介于\\w{1,5}[和与]|仅仅|尽管|也?就是说|就\\w{2,6}(来说|而言)|据\\w{0,3}说|看来[^看]|看样子|(?<!虽\\S{1,15})可[是你我他她它您那这此某众诸]|况且|例如|却?没[想料]到|没过多久|莫说是|[那这](一[刻刹瞬分秒]|期间|仿佛)|难[道怪]|难不成|片刻之?[间前后]|岂料[^不]|且说|顷刻之?间|然[而则]|[饶绕]是|[你您我他她]?如[果若同能今]|如此一来|[可而那]?若[^干兰曦有男]|[你我他她它您那这此]虽|\\w{0,2}虽然|随[即之]|甚至于|实际上(?!的)|殊不知|说白了|说话间|说不定|倘若|特别是|万一|万万没|无[论非]|相比起|就?相当于|相反[^的方]|幸[亏好而]|严格来说|一瞬间|[一二三]来[^一二到]|一旦|[这另]?一方面|不?一会儿|一般来说|一时之?间|一?眨眼的|以此类推|[还也正]?因[为此而其]|尤其是|可?有时候|于是|与此同时|越是|在\\w{1,5}期间|再[者就]|再不济|再往?下面|自[从打此]|总[而之]|总的[来说]|纵[然使是能]|这时候|只不过|只可惜|至于|之?所以|正所谓|众所周知|转[眼瞬]之?间)[\\w，]))","replacement":"$1。\n","group":"可选","name":"#26 分割🔰长句","isEnabled":false},{"isRegex":true,"sortOrder":0,"id":1644347089.3807011,"scope":"不科学御兽","pattern":"……\\s*?\n\\s*?","replacement":"","name":"……\n","isEnabled":true},{"isRegex":true,"sortOrder":0,"id":1644357097.6504951,"scope":"不科学御兽","pattern":"——","replacement":"","name":"——","isEnabled":true}]