[{"ruleDescription":"","ruleNextPage":"class.prevnext.0@href","loadWithBaseUrl":true,"ruleLink":"tag.a.0@href@js:\"https:\/\/jmcomic3.cc\"+result","sourceIcon":"https:\/\/jmcomic3.cc\/media\/logo\/new_logo.png","sourceUrl":"https:\/\/jmcomic3.cc\/","articleStyle":2,"ruleTitle":"tag.img@title","sourceName":"禁漫天堂","ruleContent":"","enabled":true,"ruleArticles":"class.thumb-overlay-albums&&class.well well-sm","sourceGroup":"","sortUrl":"总排行榜::https:\/\/jmcomic3.cc\/albums?o=mv\r\n月排行榜::https:\/\/jmcomic3.cc\/albums?t=m&o=mv\r\n周排行榜::https:\/\/jmcomic3.cc\/albums?o=mv&t=w\r\n日排行榜::https:\/\/jmcomic3.cc\/albums?o=mv&t=t\n最新A漫::https:\/\/jmcomic3.cc\/albums?o=mr\n同人::https:\/\/jmcomic3.cc\/albums\/doujin\n\n单行本::https:\/\/jmcomic3.cc\/albums\/single?o=mr\n短篇::https:\/\/jmcomic3.cc\/albums\/short\n其他::https:\/\/jmcomic3.cc\/albums\/another\n韩漫::https:\/\/jmcomic3.cc\/albums\/hanman\n美漫::https:\/\/jmcomic3.cc\/albums\/meiman\nH动漫::https:\/\/jmcomic3.cc\/videos\nH电影::https:\/\/jmcomic3.cc\/movies","rulePubDate":"class.video-views pull-left@text&&class.video-added@text","ruleImage":"tag.img@data-original&&tag.img@src","enableJs":true,"customOrder":14},{"enableJs":true,"loadWithBaseUrl":true,"ruleNextPage":"","customOrder":1,"ruleLink":"$.index","sourceIcon":"https:\/\/e-c.coding.net\/p\/yicheng\/d\/YD\/git\/raw\/master\/dy\/logo\/yd.png","sourceUrl":"阅读合集","articleStyle":0,"ruleTitle":"$.text","sourceName":"阅读ʏᴰ","ruleContent":"","enabled":true,"ruleArticles":"<js>\njson=[];\nif(baseUrl.match(\/ \/)){\nlist=baseUrl.replace(\/http.*?wd=\\s*\/,'').split(' ');\nfor(i in list){\nhref=list[i].match(\/【(.*?)】\/)[1];\ntext=list[i].match(\/《(.*?)》\/)[1];\nintro=list[i].match(\/◎(.*?)◎\/)[1];\nindex=list[i].match(\/^(\\d+、\\d+、)\/)?list[i].match(\/^(\\d+、\\d+、)\/)[1]:list[i].match(\/^(.*?)【\/)[1]\njson.push({text:text,src:href,intro:intro,index:index})\n}\n}\nJSON.stringify(json)<\/js>\n$.[*]","sourceComment":"","sourceGroup":"📖 阅读","singleUrl":false,"sortUrl":"💠 其他::https:\/\/data.newrank.cn\/m\/s.html?s=NykyOzI9MS5LNQ%3D%3D【https:\/\/e-c.coding.net\/p\/yicheng\/d\/YD\/git\/raw\/master\/dy\/yd\/ydlogo.png】《🔎阅读》◎开源阅读公众号-号内搜索◎ http:\/\/www.yckceo.com\/【https:\/\/e-c.coding.net\/p\/yicheng\/d\/YD\/git\/raw\/master\/dy\/yd\/yck.png】《源仓库》◎阅读书源仓库◎ https:\/\/mp.weixin.qq.com\/s?__biz=MzIzMTc0NzE1MQ==&mid=2247491211&idx=1&sn=30e317bb1aa662d1aabcc1c45eac06dd&chksm=e89e25abdfe9acbd1e67dd65704b4a7c5db11018628fb1192ab17be9e6e7cd6b60f58cf20b8b&scene=18&ascene=7&devicetype=android-28&version=28000f3d&nettype=WIFI&abtest_cookie=AAACAA%3D%3D&lang=zh_CN&exportkey=A5ipXZEGLsXBqRIlfmcu4wc%3D&pass_ticket=QdWuqGniYvDJmSbQUrp%2B7YOUuLbN9YTex4a9O%2BHQwsbZ5FEAx%2BxEkmwN%2F24Ky4ay&wx_header=1【https:\/\/e-c.coding.net\/p\/yicheng\/d\/YD\/git\/raw\/master\/dy\/yd\/yd3.png】《阅读APP下载》◎开源阅读下载地址◎ https:\/\/www.yuque.com\/legado【https:\/\/e-c.coding.net\/p\/yicheng\/d\/YD\/git\/raw\/master\/dy\/yd\/yd3.png】《阅读使用说明》◎使用说明、源制作、官方公告。◎ https:\/\/gitee.com\/i-c\/yd\/blob\/sy\/README.md【https:\/\/e-c.coding.net\/p\/yicheng\/d\/YD\/git\/raw\/master\/dy\/logo\/fb.png】《一程书源》◎书源、订阅发布地址◎ https:\/\/m.w3cschool.cn\/regex_rmjc\/regex_rmjc-n5a328cn.html【https:\/\/e-c.coding.net\/p\/yicheng\/d\/YD\/git\/raw\/master\/dy\/yd\/bcs.png】《正则表达式》◎w3cschool编程狮◎\n\n\n🎖️ 拾遗::https:\/\/data.newrank.cn\/m\/s.html?s=Py8yOTE5KDE4【https:\/\/e-c.coding.net\/p\/yicheng\/d\/YD\/git\/raw\/master\/dy\/yd\/xssy.png】《🔎小说拾遗》◎小说拾遗公众号-号内搜索◎ https:\/\/mp.weixin.qq.com\/mp\/appmsgalbum?action=getalbum&album_id=1319671603470581762&__biz=MzI2MDg2NjAwMg==#wechat_redirect【https:\/\/e-c.coding.net\/p\/yicheng\/d\/YD\/git\/raw\/master\/dy\/yd\/sd.png】《精选书单》◎主推优质完结和连载100万字以上小说◎ https:\/\/mp.weixin.qq.com\/mp\/appmsgalbum?action=getalbum&album_id=1319666229510193155&__biz=MzI2MDg2NjAwMg==#wechat_redirect【https:\/\/e-c.coding.net\/p\/yicheng\/d\/YD\/git\/raw\/master\/dy\/yd\/xs.png】《潜力新书》◎主推大神新书和20～100万字的优质新书◎ http:\/\/mp.weixin.qq.com\/mp\/homepage?__biz=MzI2MDg2NjAwMg==&hid=11&sn=c55d27329c109430838bc5b5f5b615b7&scene=18#wechat_redirect【https:\/\/e-c.coding.net\/p\/yicheng\/d\/YD\/git\/raw\/master\/dy\/yd\/gf.png】《高分必看》◎高分完本合集◎ https:\/\/mp.weixin.qq.com\/mp\/appmsgalbum?action=getalbum&album_id=1319668267623170050&__biz=MzI2MDg2NjAwMg==#wechat_redirect【https:\/\/e-c.coding.net\/p\/yicheng\/d\/YD\/git\/raw\/master\/dy\/yd\/wj.png】《近期完结》◎主推近一段时间内优质的完结小说◎ https:\/\/mp.weixin.qq.com\/mp\/appmsgalbum?action=getalbum&album_id=1319673664333463554&__biz=MzI2MDg2NjAwMg==#wechat_redirect【https:\/\/e-c.coding.net\/p\/yicheng\/d\/YD\/git\/raw\/master\/dy\/yd\/np.png】《女频书单》◎主推女频优质小说◎ https:\/\/mp.weixin.qq.com\/mp\/appmsgalbum?action=getalbum&album_id=1319675692849872897&__biz=MzI2MDg2NjAwMg==#wechat_redirect【https:\/\/e-c.coding.net\/p\/yicheng\/d\/YD\/git\/raw\/master\/dy\/yd\/hg.png】《后宫精选》◎后宫精选合集◎ https:\/\/mp.weixin.qq.com\/mp\/appmsgalbum?__biz=MzI2MDg2NjAwMg==&action=getalbum&album_id=1651826809002328065#wechat_redirect【https:\/\/e-c.coding.net\/p\/yicheng\/d\/YD\/git\/raw\/master\/dy\/yd\/nt.png】《年终推荐》◎精选优质完结和连载100万字以上小说◎\n\n\n⭐ 赤戟::https:\/\/mp.weixin.qq.com\/mp\/homepage?__biz=MzI5NTA4NjgwNw==&hid=1&sn=0fcecdc85b8c23e596880f8c895b901d&scene=18&devicetype=android-28&version=28000f3d&lang=zh_CN&nettype=WIFI&ascene=59&session_us=gh_2aa0f3c6dd8f&pass_ticket=B8GunWN7RjA2Q%2FaVYxT%2BSITrnCodRKKdEfgFLaYKNzv56Vgj9IUBy%2B6yzAlQVE4M&wx_header=1【https:\/\/e-c.coding.net\/p\/yicheng\/d\/YD\/git\/raw\/master\/dy\/yd\/cjdshjjs.png】《赤戟的书荒救济所》◎最新热门分类◎ https:\/\/mp.weixin.qq.com\/mp\/appmsgalbum?__biz=MzI5NTA4NjgwNw==&action=getalbum&album_id=1319454340050157569&scene=126&devicetype=android-28&version=28000f3d&lang=zh_CN&nettype=WIFI&ascene=3&pass_ticket=B8GunWN7RjA2Q%2FaVYxT%2BSITrnCodRKKdEfgFLaYKNzv56Vgj9IUBy%2B6yzAlQVE4M&wx_header=1【https:\/\/e-c.coding.net\/p\/yicheng\/d\/YD\/git\/raw\/master\/dy\/yd\/sd.png】《网文书单》◎每期三本-新书速递、养肥佳作、完本好书◎ https:\/\/mp.weixin.qq.com\/mp\/appmsgalbum?__biz=MzI5NTA4NjgwNw==&action=getalbum&album_id=1319393737944170497&scene=126&devicetype=android-28&version=28000f3d&lang=zh_CN&nettype=WIFI&ascene=3&pass_ticket=B8GunWN7RjA2Q%2FaVYxT%2BSITrnCodRKKdEfgFLaYKNzv56Vgj9IUBy%2B6yzAlQVE4M&wx_header=1【https:\/\/e-c.coding.net\/p\/yicheng\/d\/YD\/git\/raw\/master\/dy\/yd\/fl.png】《分类推书》◎分类大盘点◎ https:\/\/mp.weixin.qq.com\/mp\/appmsgalbum?__biz=MzI5NTA4NjgwNw==&action=getalbum&album_id=1319471313224040448&scene=126&devicetype=android-28&version=28000f3d&lang=zh_CN&nettype=WIFI&ascene=3&pass_ticket=B8GunWN7RjA2Q%2FaVYxT%2BSITrnCodRKKdEfgFLaYKNzv56Vgj9IUBy%2B6yzAlQVE4M&wx_header=1【https:\/\/e-c.coding.net\/p\/yicheng\/d\/YD\/git\/raw\/master\/dy\/yd\/jx.png】《澎湃精选》◎超过50万字，连载或完本的优秀作品◎ https:\/\/mp.weixin.qq.com\/mp\/appmsgalbum?__biz=MzI5NTA4NjgwNw==&action=getalbum&album_id=1325500020388626432&scene=126&devicetype=android-28&version=28000f3d&lang=zh_CN&nettype=WIFI&ascene=3&pass_ticket=B8GunWN7RjA2Q%2FaVYxT%2BSITrnCodRKKdEfgFLaYKNzv56Vgj9IUBy%2B6yzAlQVE4M&wx_header=1【https:\/\/e-c.coding.net\/p\/yicheng\/d\/YD\/git\/raw\/master\/dy\/yd\/sj.png】《优书数据》◎月度大数据推书◎ https:\/\/mp.weixin.qq.com\/mp\/appmsgalbum?__biz=MzI5NTA4NjgwNw==&action=getalbum&album_id=1333946780098330626&scene=126&devicetype=android-28&version=28000f3d&lang=zh_CN&nettype=WIFI&ascene=3&pass_ticket=B8GunWN7RjA2Q%2FaVYxT%2BSITrnCodRKKdEfgFLaYKNzv56Vgj9IUBy%2B6yzAlQVE4M&wx_header=1【https:\/\/e-c.coding.net\/p\/yicheng\/d\/YD\/git\/raw\/master\/dy\/yd\/zt.png】《网文杂谈》◎一些吃瓜趣闻，网文闲谈◎ https:\/\/mp.weixin.qq.com\/mp\/appmsgalbum?__biz=MzI5NTA4NjgwNw==&action=getalbum&album_id=1526356920989712387&scene=126&devicetype=android-28&version=28000f3d&lang=zh_CN&nettype=WIFI&ascene=3&pass_ticket=B8GunWN7RjA2Q%2FaVYxT%2BSITrnCodRKKdEfgFLaYKNzv56Vgj9IUBy%2B6yzAlQVE4M&wx_header=1【https:\/\/e-c.coding.net\/p\/yicheng\/d\/YD\/git\/raw\/master\/dy\/yd\/nd.png】《年度盘点》◎年度盘点各分类中诞生的新书、完本书◎ https:\/\/mp.weixin.qq.com\/mp\/appmsgalbum?__biz=MzI5NTA4NjgwNw==&action=getalbum&album_id=1319335766203662337&scene=126&devicetype=android-28&version=28000f3d&lang=zh_CN&nettype=WIFI&ascene=3&pass_ticket=B8GunWN7RjA2Q%2FaVYxT%2BSITrnCodRKKdEfgFLaYKNzv56Vgj9IUBy%2B6yzAlQVE4M&wx_header=1【https:\/\/e-c.coding.net\/p\/yicheng\/d\/YD\/git\/raw\/master\/dy\/yd\/qs.png】《网文趣事弹》◎各类和网文相关的趣事-每月一期◎\n\n\n📊 书单::https:\/\/vt.sm.cn\/api\/novelStarReco\/index【https:\/\/e-c.coding.net\/p\/yicheng\/d\/YD\/git\/raw\/master\/dy\/yd\/xyts.png】《星云推书》◎书荒搜书神器◎ https:\/\/www.tuishujun.com\/【https:\/\/e-c.coding.net\/p\/yicheng\/d\/YD\/git\/raw\/master\/dy\/yd\/tsj.png】《推书君》◎书荒求书就找推书君◎ https:\/\/quark.sm.cn\/api\/rest?method=Novelnew.home&format=html&schema=v2&gender=male&cate=%E5%85%A8%E9%83%A8&rank=rank_hot&pv=2420440【https:\/\/e-c.coding.net\/p\/yicheng\/d\/YD\/git\/raw\/master\/dy\/yd\/kkbd.png】《夸克榜单》◎夸克浏览器小说榜单◎ https:\/\/m.baidu.com\/sf?openapi=1&dspName=iphone&dsp=iphone&from_sf=1&pd=bookstore&resource_id=5077&type=2&card_id=5143&word=%E5%85%A8%E9%83%A8%E5%88%86%E7%B1%BB&title=%E6%9B%B4%E5%A4%9A%E6%8E%A8%E8%8D%90&tag1=%E5%85%A8%E9%83%A8%E5%88%86%E7%B1%BB&lid=11549307334103749569&referlid=11549307334103749569&ms=1&frsrcid=5143&frorder=4【https:\/\/e-c.coding.net\/p\/yicheng\/d\/YD\/git\/raw\/master\/dy\/yd\/bdbd.png】《百度榜单》◎百度浏览器小说榜单◎ https:\/\/www.yousuu.com【https:\/\/e-c.coding.net\/p\/yicheng\/d\/YD\/git\/raw\/master\/dy\/yd\/ysbd.png】《优书榜单》◎优书网书单◎ https:\/\/m.qidian.com\/rank\/【https:\/\/e-c.coding.net\/p\/yicheng\/d\/YD\/git\/raw\/master\/dy\/yd\/qdbd.png】《起点榜单》◎起点中文网榜单◎ http:\/\/saowen.net\/【https:\/\/e-c.coding.net\/p\/yicheng\/d\/YD\/git\/raw\/master\/dy\/yd\/swxy.png】《扫文小院》◎🔎登录｜耽美小说扫文网站◎ https:\/\/www.basequan.com\/【https:\/\/e-c.coding.net\/p\/yicheng\/d\/YD\/git\/raw\/master\/dy\/yd\/bsq.png】《芭莳圈》◎好看的言情小说推荐◎\n\n\n💰 正版::https:\/\/wap.faloo.com\/【https:\/\/e-c.coding.net\/p\/yicheng\/d\/YD\/git\/raw\/master\/dy\/yd\/flxs.png】《飞卢小说》◎同人免费小说在线阅读与下载◎ https:\/\/h5.17k.com\/【https:\/\/e-c.coding.net\/p\/yicheng\/d\/YD\/git\/raw\/master\/dy\/yd\/17kxs.png】《17K小说》◎集创作、阅读于一体的在线阅读网站◎ https:\/\/m.qidian.com\/【https:\/\/e-c.coding.net\/p\/yicheng\/d\/YD\/git\/raw\/master\/dy\/yd\/qdzw.png】《起点中文》◎阅文集团旗下网站◎ https:\/\/wap.jjwxc.net\/【https:\/\/e-c.coding.net\/p\/yicheng\/d\/YD\/git\/raw\/master\/dy\/yd\/jjwx.png】《晋江文学》◎女性网络文学原创基地◎ https:\/\/m.zongheng.com\/【https:\/\/e-c.coding.net\/p\/yicheng\/d\/YD\/git\/raw\/master\/dy\/yd\/zhzw.png】《纵横中文》◎最热门的免费小说网站◎ http:\/\/m.shuhai.com\/【https:\/\/e-c.coding.net\/p\/yicheng\/d\/YD\/git\/raw\/master\/dy\/yd\/shxs.png】《书海小说》◎书海小说网◎ http:\/\/www.xmkanshu.com\/【https:\/\/e-c.coding.net\/p\/yicheng\/d\/YD\/git\/raw\/master\/dy\/yd\/xmks.png】《熊猫看书》◎好看的小说阅读网站◎ https:\/\/m.zhangyue.com\/【https:\/\/e-c.coding.net\/p\/yicheng\/d\/YD\/git\/raw\/master\/dy\/yd\/zy.png】《掌阅》◎好看的原创小说网◎ https:\/\/t.shuqi.com\/【https:\/\/e-c.coding.net\/p\/yicheng\/d\/YD\/git\/raw\/master\/dy\/yd\/sqxs.png】《书旗小说》◎阿里巴巴集团旗下阅读平台◎ https:\/\/wap.cmread.com\/【https:\/\/e-c.coding.net\/p\/yicheng\/d\/YD\/git\/raw\/master\/dy\/yd\/mgyd.png】《咪咕阅读》◎原创网络文学◎ https:\/\/yd.baidu.com\/【https:\/\/e-c.coding.net\/p\/yicheng\/d\/YD\/git\/raw\/master\/dy\/yd\/bdyd.png】《百度阅读》◎全网最全小说，让时间更有价值◎ https:\/\/ubook.reader.qq.com\/【https:\/\/e-c.coding.net\/p\/yicheng\/d\/YD\/git\/raw\/master\/dy\/yd\/qqyd.png】《QQ阅读》◎QQ阅读官方网站◎ https:\/\/www.ihuaben.com\/【https:\/\/e-c.coding.net\/p\/yicheng\/d\/YD\/git\/raw\/master\/dy\/yd\/hbxs.png】《话本小说》◎首创气泡对话小说，写小说原创社区◎ https:\/\/wenxue.m.iqiyi.com\/【https:\/\/e-c.coding.net\/p\/yicheng\/d\/YD\/git\/raw\/master\/dy\/yd\/aqywx.png】《爱奇艺文学》◎影视原著小说推荐◎ https:\/\/m.xxsy.net\/【https:\/\/e-c.coding.net\/p\/yicheng\/d\/YD\/git\/raw\/master\/dy\/yd\/xxsy.png】《潇湘书院》◎免费言情小说◎ https:\/\/m.gongzicp.com\/【https:\/\/e-c.coding.net\/p\/yicheng\/d\/YD\/git\/raw\/master\/dy\/yd\/cpwx.png】《长佩文学》◎更懂你的女性向阅读交流平台◎ https:\/\/m.hongxiu.com\/【https:\/\/e-c.coding.net\/p\/yicheng\/d\/YD\/git\/raw\/master\/dy\/yd\/hxtx.png】《红袖添香》◎阅文集团旗下网站◎ https:\/\/m.youdubook.com\/【https:\/\/e-c.coding.net\/p\/yicheng\/d\/YD\/git\/raw\/master\/dy\/yd\/ggyd.png】《咕咕阅读》◎有毒小说网◎ http:\/\/wap.hanwujinian.com\/【https:\/\/e-c.coding.net\/p\/yicheng\/d\/YD\/git\/raw\/master\/dy\/yd\/hwjn.png】《寒武纪年》◎原创耽美小说有声广播剧◎ https:\/\/m.ruochu.com\/【https:\/\/e-c.coding.net\/p\/yicheng\/d\/YD\/git\/raw\/master\/dy\/yd\/rcwx.png】《若初文学》◎好看的小说推荐◎ https:\/\/m.sfacg.com\/【https:\/\/e-c.coding.net\/p\/yicheng\/d\/YD\/git\/raw\/master\/dy\/yd\/sfqxs.png】《SF轻小说》◎SF轻小说网◎\n\n\n📄 阅读::http:\/\/m.wufazhuce.com\/index【https:\/\/e-c.coding.net\/p\/yicheng\/d\/YD\/git\/raw\/master\/dy\/yd\/oneyg.png】《ONE·一个》◎图文阅读◎ https:\/\/meiriyiwen.com\/【https:\/\/e-c.coding.net\/p\/yicheng\/d\/YD\/git\/raw\/master\/dy\/yd\/mryw.png】《每日一文》◎每日一文官网◎ http:\/\/new-qk.lifves.com\/【https:\/\/e-c.coding.net\/p\/yicheng\/d\/YD\/git\/raw\/master\/dy\/yd\/qkzz.png】《期刊杂志》◎初见·杂志期刊◎ https:\/\/m.fx361.com\/【https:\/\/e-c.coding.net\/p\/yicheng\/d\/YD\/git\/raw\/master\/dy\/yd\/ckw.png】《参考网》◎过期杂志阅读平台◎ http:\/\/m.zgls5000.net\/【https:\/\/e-c.coding.net\/p\/yicheng\/d\/YD\/git\/raw\/master\/dy\/yd\/zgls.png】《纵观历史》◎中国的历史和传统文化◎ https:\/\/m.51test.net\/【https:\/\/e-c.coding.net\/p\/yicheng\/d\/YD\/git\/raw\/master\/dy\/yd\/wykw.png】《无忧考网》◎学习资源门户网站◎ https:\/\/m.pcbaby.com.cn\/【https:\/\/e-c.coding.net\/p\/yicheng\/d\/YD\/git\/raw\/master\/dy\/yd\/tpyqzw.png】《太平洋亲子网》◎健康育儿、品质生活◎ https:\/\/www.hehubb.com\/【https:\/\/e-c.coding.net\/p\/yicheng\/d\/YD\/git\/raw\/master\/dy\/yd\/bbhh.png】《宝宝呵护》◎宝妈育儿知识平台◎ https:\/\/www.zanxiaoyuan.com\/【https:\/\/e-c.coding.net\/p\/yicheng\/d\/YD\/git\/raw\/master\/dy\/yd\/zxy.png】《赞校园》◎句子大全◎ https:\/\/m.gexingshuo.com\/【https:\/\/e-c.coding.net\/p\/yicheng\/d\/YD\/git\/raw\/master\/dy\/yd\/gxsw.png】《个性说网》◎短句子、说说大全◎\n\n\n📝 文章::http:\/\/www.jiaoshi100.com\/【https:\/\/e-c.coding.net\/p\/yicheng\/d\/YD\/git\/raw\/master\/dy\/yd\/xkbdyw.png】《作文指北》◎新课标大语文◎ https:\/\/m.ruiwen.com\/【https:\/\/e-c.coding.net\/p\/yicheng\/d\/YD\/git\/raw\/master\/dy\/yd\/rww.png】《瑞文网》◎经典美文、教学资源、实用文档◎ https:\/\/m.5068.com\/【https:\/\/e-c.coding.net\/p\/yicheng\/d\/YD\/git\/raw\/master\/dy\/yd\/5068jxzyw.png】《5068教学资源网》◎教学资源共享平台◎ https:\/\/m.diyifanwen.com\/【https:\/\/e-c.coding.net\/p\/yicheng\/d\/YD\/git\/raw\/master\/dy\/yd\/dyfww.png】《第一范文网》◎日常写作指导、作文参考◎ https:\/\/m.riji.cn\/【https:\/\/e-c.coding.net\/p\/yicheng\/d\/YD\/git\/raw\/master\/dy\/yd\/rjdq.png】《日记大全》◎小学生日记大全网◎ http:\/\/www.yireaders.com\/【https:\/\/e-c.coding.net\/p\/yicheng\/d\/YD\/git\/raw\/master\/dy\/yd\/ydzw.png】《易读作文》◎作文大全◎ https:\/\/sou-yun.cn\/【https:\/\/e-c.coding.net\/p\/yicheng\/d\/YD\/git\/raw\/master\/dy\/yd\/scdq.png】《诗词》◎诗词大全◎ https:\/\/m.meiwen.com.cn\/【https:\/\/e-c.coding.net\/p\/yicheng\/d\/YD\/git\/raw\/master\/dy\/yd\/mwyd.png】《美文阅读》◎足不出户阅尽天下美文◎ https:\/\/www.guidaye.com\/【https:\/\/e-c.coding.net\/p\/yicheng\/d\/YD\/git\/raw\/master\/dy\/yd\/zwdq.png】《作文大全》◎鬼大爷鬼故事作文网◎\n\n\n📚 故事::http:\/\/www.gsw888.com\/【https:\/\/e-c.coding.net\/p\/yicheng\/d\/YD\/git\/raw\/master\/dy\/yd\/gsdq1.png】《故事大全》◎精选世界各地故事◎ https:\/\/www.sliwu.com\/【https:\/\/e-c.coding.net\/p\/yicheng\/d\/YD\/git\/raw\/master\/dy\/yd\/gsdq2.png】《故事大全》◎国内最全的故事平台◎ http:\/\/gs.seeol.com\/【https:\/\/e-c.coding.net\/p\/yicheng\/d\/YD\/git\/raw\/master\/dy\/yd\/gsdq4.png】《故事大全》◎童话、爱情、历史等故事大全◎ https:\/\/gushi.1or9.com\/【https:\/\/e-c.coding.net\/p\/yicheng\/d\/YD\/git\/raw\/master\/dy\/yd\/gsdq3.png】《故事大全》◎10多种小故事分类大全◎ https:\/\/www.gushidaquan.com.cn\/【https:\/\/e-c.coding.net\/p\/yicheng\/d\/YD\/git\/raw\/master\/dy\/yd\/gsdqw1.png】《故事大全网》◎经典故事大全在线阅读◎ http:\/\/m.quangushi.com\/【https:\/\/e-c.coding.net\/p\/yicheng\/d\/YD\/git\/raw\/master\/dy\/yd\/gsdqw2.png】《故事大全网》◎精彩丰富的儿童故事◎ https:\/\/wap.xigushi.com\/【https:\/\/e-c.coding.net\/p\/yicheng\/d\/YD\/git\/raw\/master\/dy\/yd\/xgs.png】《小故事》◎小故事大全◎ https:\/\/www.qigushi.com\/【https:\/\/e-c.coding.net\/p\/yicheng\/d\/YD\/git\/raw\/master\/dy\/yd\/qgs.png】《七故事》◎儿童睡前故事大全◎ https:\/\/m.61ertong.com\/【https:\/\/e-c.coding.net\/p\/yicheng\/d\/YD\/git\/raw\/master\/dy\/yd\/lyetw.png】《六一儿童网》◎儿歌视频大全◎ https:\/\/www.gushi365.com\/【https:\/\/e-c.coding.net\/p\/yicheng\/d\/YD\/git\/raw\/master\/dy\/yd\/gs365.png】《故事365》◎儿童故事大全◎ http:\/\/mip.55555333.cc\/【https:\/\/e-c.coding.net\/p\/yicheng\/d\/YD\/git\/raw\/master\/dy\/yd\/53gsw.png】《53故事网》◎人生哲理经典小故事◎\n\n\n📥 下书::https:\/\/m.zxcs.info\/【https:\/\/e-c.coding.net\/p\/yicheng\/d\/YD\/git\/raw\/master\/dy\/yd\/zxjj.png】《知轩精校》◎精校小说◎ http:\/\/www.zxcs.me\/【https:\/\/e-c.coding.net\/p\/yicheng\/d\/YD\/git\/raw\/master\/dy\/yd\/zxcs.png】《知轩藏书》◎藏尽网络中最好的精校小说◎ http:\/\/m.s5l.com\/index.php?c=home【https:\/\/e-c.coding.net\/p\/yicheng\/d\/YD\/git\/raw\/master\/dy\/yd\/xssq.png】《小说社区》◎精校小说社区◎ http:\/\/m.zntxt.com\/【https:\/\/e-c.coding.net\/p\/yicheng\/d\/YD\/git\/raw\/master\/dy\/yd\/znxs.png】《宅男小说》◎完结小说下载◎ http:\/\/m.qishuxx.com\/【https:\/\/e-c.coding.net\/p\/yicheng\/d\/YD\/git\/raw\/master\/dy\/yd\/xqsw.png】《新奇书网》◎完结TXT小说下载◎ http:\/\/m.jjxsz.cn\/【https:\/\/e-c.coding.net\/p\/yicheng\/d\/YD\/git\/raw\/master\/dy\/yd\/swxs.png】《搜我小说》◎TXT全本小说下载◎ https:\/\/m.qubook.cc\/【https:\/\/e-c.coding.net\/p\/yicheng\/d\/YD\/git\/raw\/master\/dy\/yd\/qsw.png】《趣书网》◎免费TXT小说下载◎ https:\/\/m.baoshuu.com\/【https:\/\/e-c.coding.net\/p\/yicheng\/d\/YD\/git\/raw\/master\/dy\/yd\/bsw.png】《宝书网》◎免费TXT小说下载◎ http:\/\/m.iysw.net\/【https:\/\/e-c.coding.net\/p\/yicheng\/d\/YD\/git\/raw\/master\/dy\/yd\/wsw.png】《万书网》◎电子书、网络小说下载站◎ https:\/\/www.15huang.com\/【https:\/\/e-c.coding.net\/p\/yicheng\/d\/YD\/git\/raw\/master\/dy\/yd\/shw.png】《书荒网》◎完结小说推荐和TXT小说下载◎ https:\/\/www.qiantxt.com\/【https:\/\/e-c.coding.net\/p\/yicheng\/d\/YD\/git\/raw\/master\/dy\/yd\/qsxs.png】《千书小说》◎完本小说TXT下载站◎ https:\/\/www.jingjiaoba.com\/【https:\/\/e-c.coding.net\/p\/yicheng\/d\/YD\/git\/raw\/master\/dy\/yd\/jjb.png】《精校吧》◎校对全本TXT小说下载◎ https:\/\/www.58file.com\/【https:\/\/e-c.coding.net\/p\/yicheng\/d\/YD\/git\/raw\/master\/dy\/yd\/58wp.png】《58网盘》◎精校小说网盘下载◎ https:\/\/www.downtxts.com\/【https:\/\/e-c.coding.net\/p\/yicheng\/d\/YD\/git\/raw\/master\/dy\/yd\/txtxz.png】《TXT下载》◎TXT小说网盘下载◎ https:\/\/noveless.com\/【https:\/\/e-c.coding.net\/p\/yicheng\/d\/YD\/git\/raw\/master\/dy\/yd\/shbl.png】《书荒部落》◎精校全本◎ https:\/\/new.shuge.org\/【https:\/\/e-c.coding.net\/p\/yicheng\/d\/YD\/git\/raw\/master\/dy\/yd\/sg.png】《书格》◎有品格的数字古籍图书馆◎ https:\/\/www.sxpdf.com\/【https:\/\/e-c.coding.net\/p\/yicheng\/d\/YD\/git\/raw\/master\/dy\/yd\/sxtx.png】《书行天下》◎PDF电子书学习下载站◎ https:\/\/www.kgbook.com\/【https:\/\/e-c.coding.net\/p\/yicheng\/d\/YD\/git\/raw\/master\/dy\/yd\/kgsp.png】《苦瓜书盘》◎提供6寸pdf、mobi等格式电子书上传及下载◎ https:\/\/zh.booksc.eu\/【https:\/\/e-c.coding.net\/p\/yicheng\/d\/YD\/git\/raw\/master\/dy\/yd\/sztsg.png】《数字图书馆》◎🔎登录｜网络、实体书多种格式下载◎\n\n\n🌏 图文::https:\/\/www.jianshu.com\/【https:\/\/e-c.coding.net\/p\/yicheng\/d\/YD\/git\/raw\/master\/dy\/yd\/js.png】《简书》◎优质的创作社区◎ http:\/\/letsfilm.org\/【https:\/\/e-c.coding.net\/p\/yicheng\/d\/YD\/git\/raw\/master\/dy\/yd\/jpdwd.png】《胶片的味道》◎胶片摄影◎ http:\/\/g2.ltfc.net\/category【https:\/\/e-c.coding.net\/p\/yicheng\/d\/YD\/git\/raw\/master\/dy\/yd\/zhzb.png】《中华珍宝》◎中华珍宝馆◎ http:\/\/pf.bigpixel.cn\/【https:\/\/e-c.coding.net\/p\/yicheng\/d\/YD\/git\/raw\/master\/dy\/yd\/qyxskzg.png】《千亿像素看中国》◎景坤科技·放大万倍体验中国城市◎\n\n\n📖 小说::http:\/\/m.ndlib.cn\/【https:\/\/e-c.coding.net\/p\/yicheng\/d\/YD\/git\/raw\/master\/dy\/yd\/ydyd.png】《移动阅读》◎📚出版｜公共数字文化工程移动阅读◎ https:\/\/www.haitangsoshu.com\/【https:\/\/e-c.coding.net\/p\/yicheng\/d\/YD\/git\/raw\/master\/dy\/yd\/htss.png】《海棠搜书》◎🔥耽美｜海棠御宅小说◎ https:\/\/xn--pxtr7m5ny.com\/【https:\/\/e-c.coding.net\/p\/yicheng\/d\/YD\/git\/raw\/master\/dy\/yd\/fww.png】《废文网》◎🔎登录｜有趣有品有点丧◎ http:\/\/www.spinates.com\/【https:\/\/e-c.coding.net\/p\/yicheng\/d\/YD\/git\/raw\/master\/dy\/yd\/bcwk.png】《菠菜文库》◎🔎登录｜有腐、有肉、有点小特殊◎ https:\/\/m.hjgzf.com\/【https:\/\/e-c.coding.net\/p\/yicheng\/d\/YD\/git\/raw\/master\/dy\/yd\/hjxy.png】《海警学院》◎🔞特殊｜火热的网络小说◎ https:\/\/www.ztgauntong.com\/【https:\/\/e-c.coding.net\/p\/yicheng\/d\/YD\/git\/raw\/master\/dy\/yd\/dmrw.png】《耽美肉文》◎🔞特殊｜耽美、肉文小说◎\n\n\n☯ 玄学::http:\/\/m.daorenjia.com\/【https:\/\/e-c.coding.net\/p\/yicheng\/d\/YD\/git\/raw\/master\/dy\/yd\/drj.png】《道人家》◎中华道藏◎ http:\/\/www.daizhige.org\/【https:\/\/e-c.coding.net\/p\/yicheng\/d\/YD\/git\/raw\/master\/dy\/yd\/dzg.png】《殆知阁》◎经典藏书◎ https:\/\/www.ifreesite.com\/scriptures\/book.htm【https:\/\/e-c.coding.net\/p\/yicheng\/d\/YD\/git\/raw\/master\/dy\/yd\/ddd.png】《道道道》◎道神道，非人道。明不明，非常明。◎ https:\/\/www.njtsfx.com\/【https:\/\/e-c.coding.net\/p\/yicheng\/d\/YD\/git\/raw\/master\/dy\/yd\/qcxx.png】《七彩玄学》◎周公解梦、易经八卦、星座命理◎\n\n\n👻 异闻::https:\/\/www.cbaigui.com\/【https:\/\/e-c.coding.net\/p\/yicheng\/d\/YD\/git\/raw\/master\/dy\/yd\/jy.png】《纪妖》◎中国妖怪百集◎ https:\/\/www.xn--cjztj18l.com\/forum.php【https:\/\/e-c.coding.net\/p\/yicheng\/d\/YD\/git\/raw\/master\/dy\/yd\/smw.png】《神秘网》◎神秘事件综合网站◎ http:\/\/www.lingyi.org\/【https:\/\/e-c.coding.net\/p\/yicheng\/d\/YD\/git\/raw\/master\/dy\/yd\/zgly.png】《中国灵异》◎真实灵异事件网站◎","rulePubDate":"$.intro","ruleImage":"$.src"},{"ruleContent":"","style":"h3{text-align:center}\nh6{margin-bottom:0}\nb{float:right}\n\nvideo{width:100%;max-height:285px;border-radius:5px}","rulePubDate":"⏱️ {{$.vod_duration}}　{{$.vod_score}}分　{{$.vod_time}}","articleStyle":0,"ruleTitle":"$.vod_name","enableJs":true,"ruleArticles":"$.list","sourceGroup":"🔞 特殊","ruleDescription":"<br><h3>{{$.vod_name}}<\/h3>\n<h6>[{{$.vod_score}}分] [{{$.vod_class ##\\,##] [}}]<b>发布于 {{$.vod_time}}<\/b><\/h6>\n\n<video src=\"{{$.vod_play_url ##^.*?\\$}}\" poster=\"{{$.vod_pic}}\" controls><\/video>","ruleLink":"\/api.php\/provide\/vod\/?ac=detail&ids={{$.vod_id}}","sourceIcon":"https:\/\/apittzy.com\/static\/images\/logo.gif","sourceName":"探探资源","singleUrl":false,"customOrder":10,"sortUrl":"🔎 视频搜索::https:\/\/apittzy.com\/api.php\/provide\/vod\/?ac=detail&pg={{page}}&wd=按摩\n\n精品推荐::https:\/\/apittzy.com\/api.php\/provide\/vod\/?ac=detail&pg={{page}}&t=1\n国产视频::https:\/\/apittzy.com\/api.php\/provide\/vod\/?ac=detail&pg={{page}}&t=2\n主播直播::https:\/\/apittzy.com\/api.php\/provide\/vod\/?ac=detail&pg={{page}}&t=3\n日本无码::https:\/\/apittzy.com\/api.php\/provide\/vod\/?ac=detail&pg={{page}}&t=4\n日本有码::https:\/\/apittzy.com\/api.php\/provide\/vod\/?ac=detail&pg={{page}}&t=5\n中文字幕::https:\/\/apittzy.com\/api.php\/provide\/vod\/?ac=detail&pg={{page}}&t=6\n巨乳美乳::https:\/\/apittzy.com\/api.php\/provide\/vod\/?ac=detail&pg={{page}}&t=7\n熟女人妻::https:\/\/apittzy.com\/api.php\/provide\/vod\/?ac=detail&pg={{page}}&t=8\n强奸乱伦::https:\/\/apittzy.com\/api.php\/provide\/vod\/?ac=detail&pg={{page}}&t=9\n欧美精品::https:\/\/apittzy.com\/api.php\/provide\/vod\/?ac=detail&pg={{page}}&t=10\n少女萝莉::https:\/\/apittzy.com\/api.php\/provide\/vod\/?ac=detail&pg={{page}}&t=11\n三级伦理::https:\/\/apittzy.com\/api.php\/provide\/vod\/?ac=detail&pg={{page}}&t=12\n成人动漫::https:\/\/apittzy.com\/api.php\/provide\/vod\/?ac=detail&pg={{page}}&t=13","sourceUrl":"https:\/\/apittzy.com","enabled":true,"loadWithBaseUrl":true,"sourceComment":"★源URL的填写链接为【list】格式\n\t网站网址\n\t网站网址\/api.php\/provide\/vod\/?ac=【list】\n\n例：\nhttps:\/\/apittzy.com\nhttps:\/\/apittzy.com\/api.php\/provide\/vod\/?ac=list\n\nps：\n\t使用【list】格式查看分类和分类id以组成分类URL\n\n\n\n★分类URL的填写链接为【detail】格式\n\t视频搜索::网站网址\/api.php\/provide\/vod\/?ac=【detail】&pg={{page}}&wd=关键词\n\t分类名称::网站网址\/api.php\/provide\/vod\/?ac=【detail】&pg={{page}}&t=分类id\n\n例：\n\t视频搜索::https:\/\/apittzy.com\/api.php\/provide\/vod\/?ac=detail&pg={{page}}&wd=按摩\n\t精品推荐::https:\/\/apittzy.com\/api.php\/provide\/vod\/?ac=detail&pg={{page}}&t=1\n\nps：\n\t分类URL写成【list】格式也行，但是没有详细信息。需要通过正文链接跳转正文页再填写正文规则。而且没有封面！\n\n\n\n★正文规则\n\t因为分类URL使用了【detail】格式，需要的信息都显示了。(视频链接)\n\t所以我们在描述规则填写正文规则就行了，这样子就省的再跳转一次正文链接了。\n\t但是链接规则还是要写的，不然不会加载列表。\n\n\n\n☆【vod】和【art】\n视频分类链接为【vod】格式\n\t网站网址\/api.php\/provide\/vod\/?ac=list\n图文分类链接为【art】格式\n\t网站网址\/api.php\/provide\/art\/?ac=list\n通过【list】格式查看分类和分类id以组成分类URL\n\nps：\n\t图片和小说链接都是【art】格式，这样子不好分割，建议把小说分类相关链接移除\n\t因为【art】格式的【detail】链接并不会显示全部套图，所以需要填写正确的链接规则跳转正文页再填写正文规则而不是直接在描述规则处填写规则\n\n\n\n☆详情页链接规则\n\t详情页链接仅支持【detail】格式\n网站网址\/api.php\/provide\/(vod\/art)\/?ac=detail&ids=(视频id\/图文id)\n\n\t如果分类URL只填写了网址，那么链接规则补充剩下的链接就行了\n例：\n\t\/api.php\/provide\/vod\/?ac=detail&ids=视频id\n❗仅限【vod】\/【art】单格式使用\n\n\t如果订阅同时写了【vod】和【art】两种格式，链接就需要使用js判定\n@js:\nif(baseUrl.match(\/art\/)){\n\t网站网址\/api.php\/provide\/art\/?ac=detail&ids={{$.art_id}}\n}else{\n\t网站网址\/api.php\/provide\/vod\/?ac=detail&ids={{$.vod_id}}\n}\nps：\n\t使用两种格式时，此js在正文规则也会需要用到。\n\n\n\n\n\n‼️以下网址加上【list】链接可更改为json格式，查看分类及分类id\n\n\t因为json链接格式固定？\n\t所以修改一下网站之间的分类URL差别即可使用此订阅格式套用，，，大概\n\nps：\n\t注意【list】和【detail】格式以及【vod】和【art】链接的差别\n\n\n共30个网址：\n\n\t★鲨鱼::https:\/\/shayuapi.com\n\t\tps：老朋友了\n\n\n\t老鸭资源::http:\/\/laoyazy50.cc\n\t\tps：网站有时效性？\n\n\n\t老鸭资源2::https:\/\/api.apilyzy.com\n\n\n\n\t水蜜桃::http:\/\/51smt4.xyz\n\n\n\t99资源::http:\/\/99zy.pw\n\n\n\t99资源吧::http:\/\/99zyba.com\n\n\n\t丝袜资源::http:\/\/siwazyw.net\n\n\n\t浪潮资源::http:\/\/langchaozy6.com\n\n\n\tCK资源::http:\/\/www.feifei67.com\n\n\n\t大雕资源::http:\/\/www.dd-01.com\n\n\n\t银龙资源::https:\/\/yinlong.tv\n\n\n\t苍天资源::http:\/\/cj.cangtiancj.com\n\n\n\t骚色资源::http:\/\/api.saosezy.icu\n\n\n\t芒果资源::https:\/\/mgzyz1.com\n\n\n\t酷豆资源::https:\/\/kudouzy.com\n\n\n\t酷伦理资源::https:\/\/api.kudian70.com\n\n\n\t速播资源::https:\/\/api.suboapi.com\n\n\n\t国产精品::https:\/\/zy.difi.life\n\n\n\t痴汉队长::https:\/\/javcaptain.com\n\n\n\t秀色资源::https:\/\/api.xiuseapi.com\n\n\n\t苹果资源::https:\/\/www.pg111222.com\n\n\n\t茄子资源::http:\/\/www.qiezizy8.com\n\n\n\t辣椒资源::https:\/\/www.lajiaozy18.com\n\n\n\t花椒资源::https:\/\/apihjzy.com\/api.php\/provide\/vod\/?ac=list\n\t\tps：网站无法打开，json链接可以\n\n\n\t桃色资源::https:\/\/api.taoseapi.com\/api.php\/provide\/vod\/?ac=list\n\t\tps：网站无法打开，json链接可以\n\n\n\t乐播资源::https:\/\/lbapi9.com\/api.php\/provide\/vod\/?ac=list\n\t\tps：网站无法打开，json链接可以\n\n\n\t佳丽资源::https:\/\/jializyzapi.com\/api.php\/provide\/vod\/?ac=list\n\t\tps：网站无法打开，json链接可以\n\n\n\t番号资源::http:\/\/fhapi9.com\/api.php\/provide\/vod\/?ac=list\n\t\tps：网站无法打开，json链接可以\n\n\n\tx8优酷::https:\/\/gov.gooder.bar\n\t\tps：没有vod格式？\n\n\n\t土狗采集::http:\/\/vip-04.tgzy.cc\n\t\tpa：vod格式好像是音乐？\n\n\n\n☆使用【vod】和【art】两种链接的正文规则参考\n<br><h3>{{$.list..vod_name||$.list..art_name}}<\/h3>\n<h6>[{{$.list..type_name}}]<b>发布于 {{$.list..vod_time||$.list..art_time}}<\/b><\/h6>\n\n<video src=\"{{$.list..vod_play_url ##^.*?\\$}}\" poster=\"{{$.list..vod_pic}}\" controls>视频加载失败<\/video>\n\n<div id=\"TúPiàn\">\n{{$.list..art_content ##<\/?(br|p)>}}\n<\/div>\n<link rel=\"stylesheet\" href=\"https:\/\/cdn.bootcdn.net\/ajax\/libs\/viewerjs\/1.10.2\/viewer.min.css\">\n<script src=\"https:\/\/cdn.bootcdn.net\/ajax\/libs\/viewerjs\/1.10.2\/viewer.min.js\"><\/script>\n<script>\n  new Viewer(\n    document.getElementById(\"TúPiàn\")    ,{\n\/\/设置图片地址来源\n    url: 'src',\n\/\/是否显示图片标题(true\/false)\n    title: false,\n\/\/设置播放间隔(单位毫秒，1秒=1000毫秒)\n    interval: 3000\n    }\n  );\n<\/script>\n\n@js:\nif(baseUrl.match(\/art\/)){\n\tresult.replace(\/<vid[\\s\\S]+deo>\/,'')\n}else{\n\tresult.replace(\/<div[\\s\\S]+ipt>\/,'')\n}","ruleNextPage":"page","ruleImage":"$.vod_pic"},{"ruleContent":"<!DOCTYPE html>\n<html>\n<head>\n<meta charset=\"utf-8\" \/>\n<meta name=\"viewport\" content=\"width=device-width, initial-scale=1.0, minimum-scale=1.0, maximum-scale=1.0, user-scalable=no\">\n<title><\/title>\n<style>\n*{ box-sizing: border-box; }\nhtml, body { height: 100%; margin: 0; padding: 0; background-color: #eee;\n}\n.container > div { padding: 1rem; }\n.container > div:last-of-type { padding-bottom: 3rem;}\n.flex { display: flex; }\n.flex.row { flex-flow: row wrap; align-items: baseline; }\n.flex.column { flex-flow: column nowrap; }\n\/* .item.static { flex: none; } *\/\n.item.dynamic { flex: auto; }\n.btn{\n  width: 40%;\n  padding: 0.3rem 1rem;\n  text-decoration: none;\n  text-align: center;\n  color: #fff;\n  background-color: #1d85ee;\n  border-radius: 0.2rem;\n}\ninput { width: 100%; padding: 0.3rem; }\ntextarea { width: 100%; height: 100%; padding: 0.5rem; }\n<\/style>\n<script>\nfunction copyCode(element){\n  element.select();\n  document.execCommand('copy');\n}\nwindow.onload = function(){\n  const yc = document.querySelector('#yuancode');\n  yc.innerHTML = decodeURIComponent(yc.textContent);\n  if (location.href.includes('theme')) {\n    const theme = JSON.parse(yc.textContent);\n    const colorMap = [\n      ['primaryColor', '.container > div:not(:last-of-type)'],\n      ['backgroundColor', '#yuancode'],\n      ['bottomBackground', '.container > div:last-of-type'],\n      ['accentColor', '.flex.row > span']\n    ]\n    for (let [name, sel] of colorMap) {\n      document.querySelectorAll(sel).forEach(elem => elem.style[(\/accent\/i).test(name) ? 'color' : 'backgroundColor'] = theme[name].replace(\/^#(..)(.{6})\/, '#$2$1'));\n    }\n    yc.style.color = theme.isNightTheme ? '#fffaf0' : '#100a00';\n  }\n};\n<\/script>\n<\/head>\n<body class=\"flex column container\">\n<div class=\"flex row\">\n  <span class=\"item dynamic\">网络导入<\/span>\n  <a class=\"btn\" href=\"{{@css::containsOwn(3.0一键导入)@href}}\">3.0一键导入<\/a>\n<\/div>\n<div><input type=\"text\" value=\"{{@@id.jsonurl@value}}\" readonly onclick=\"copyCode(this)\" \/><\/div>\n\n<div class=\"flex row\">\n  <span class=\"item dynamic\">源代码<\/span>\n  <div class=\"btn\" onclick=\"copyCode(document.querySelector('#yuancode'))\">复制代码<\/div>\n<\/div>\n<div class=\"item dynamic\">\n  <textarea id=\"yuancode\" readonly onclick=\"this.select();\">{{encodeURIComponent(java.getString('@@id.yuancode@text'))}}<\/textarea>\n<\/div>\n\n<\/body><\/html>","style":"","rulePubDate":"{{$.time}}　{{String(result.yuanurl || '---').replace(\/^(?:https?:\\\/\\\/)?([^#\\\/]*).*$\/, '$1')}}　{{$.username}}","articleStyle":0,"ruleTitle":"<js>\nvar none = \"〇\";\nvar rg = \/^$|-hide\/;\nvar status = {\n\t\"xlayui-bg-green\": \"⚪\",\n\t\"xlayui-bg-blue\": \"🔵\",\n\t\"xlayui-bg-orange\": \"🌕\",\n\t\"xlayui-bg-black\": \"⚫\",\n\t\"x\": none\n};\nvar version = {\"x2\": \"2.X\", \"x3\": \"3.X\", \"x\": none};\nresult =\n\t(status['x{{$.urlstatus}}'] || '🔴') + \"\\x20\" +\n\tversion['x{{$.ver}}'] + \"\\x20\" +\n (rg.test('{{$.faxian}}') ? none : '发') + \n (rg.test('{{$.sousuo}}') ? none : '搜') +\n (rg.test('{{$.audio}}') ? none : '声') +\n (rg.test('{{$.tupian}}') ? none : '图') +\n \t\"\\u3000\".repeat(1) + String(result.yuansite || result.themeName);\n<\/js>","enableJs":true,"ruleArticles":"$.data","sourceGroup":"","ruleDescription":"","ruleLink":"{{baseUrl}}##index\\.html##yuan\/id\/{{$.id}}.html","sourceIcon":"http:\/\/www.yckceo.com\/static\/images\/applogo\/yuedu.png","sourceName":"阅读源仓库","singleUrl":false,"customOrder":2,"sortUrl":"\n🔰书源::http:\/\/www.yckceo.com\/yuedu\/shuyuan\/index.html,{\"method\":\"POST\",\"body\":\"page={{page}}&limit=200&keys=&ver=&faxian=&sousuo=&audio=&tupian=\"}\n\n🖥订阅::http:\/\/www.yckceo.com\/yuedu\/rssyuan\/index.html,{\"method\": \"POST\",\"body\": \"page=1&limit=200\"}\n\n🎨主题::http:\/\/www.yckceo.com\/yuedu\/theme\/index.html,{\"method\": \"POST\",\"body\": \"page=1&limit=200\"}\n\n🔰书源(声)::http:\/\/www.yckceo.com\/yuedu\/shuyuan\/index.html,{\"method\":\"POST\",\"body\":\"page={{page}}&limit=200&keys=&ver=&faxian=&sousuo=&audio=1&tupian=\"}\n\n🔰书源(图)::http:\/\/www.yckceo.com\/yuedu\/shuyuan\/index.html,{\"method\":\"POST\",\"body\":\"page={{page}}&limit=200&keys=&ver=&faxian=&sousuo=&audio=&tupian=1\"}\n\n🔍搜索书源::http:\/\/www.yckceo.com\/yuedu\/shuyuan\/index.html,{\"method\":\"POST\",\"body\":\"page=1&limit=200&keys={{source.getVariable()}}\"}\n\n🔍搜索订阅::http:\/\/www.yckceo.com\/yuedu\/rssyuan\/index.html,{\"method\":\"POST\",\"body\":\"page=1&limit=200&keys={{source.getVariable()}}\"}\n\n🔍搜索主题::http:\/\/www.yckceo.com\/yuedu\/theme\/index.html,{\"method\":\"POST\",\"body\":\"page=1&limit=200&keys={{source.getVariable()}}\"}","sourceUrl":"http:\/\/www.yckceo.com#####","enabled":true,"loadWithBaseUrl":true,"header":"{\"X-Requested-With\": \"XMLHttpRequest\"}","sourceComment":"源变量：搜索关键字","ruleNextPage":"page","ruleImage":""},{"enableJs":false,"ruleDescription":"$.vod_play_url\n@js:\nresult=result.replace('在线播放$','');\nresult=\"<video src=\\\"\"+result+\"\\\" width=\\\"100%\\\" controls height=\\\"285px\\\"><\/video>\";\nresult=\"<html><head><meat charset=\\\"utf-8\\\"><meat name=\\\"viewport\\\" content=\\\"width=device-width,initial-scale=1,minimum-scale=1,maximum-scale=1,user-scalable=no\\\"\/><style>html,body{margin:0;padding:0;width:100%;}<\/style><\/head><body>\"+result+\"<\/body><\/html>\"","ruleNextPage":"page","loadWithBaseUrl":false,"customOrder":11,"ruleLink":"$.vod_id","sourceIcon":"https:\/\/shayuapi.com\/favicon.ico","sourceUrl":"https:\/\/shayuapi.com\/api.php\/provide\/vod\/at\/json\/?ac=detail&pg={{page}}","articleStyle":2,"ruleTitle":"$.vod_name","sourceName":"Tikhub","enabled":true,"ruleArticles":"$.list","sourceComment":"搜索可更改分类中wd后的值","sourceGroup":"","singleUrl":false,"sortUrl":"搜索::https:\/\/shayuapi.com\/api.php\/provide\/vod\/at\/json\/?ac=detail&wd=全裸&pg={{page}}\n推荐::https:\/\/shayuapi.com\/api.php\/provide\/vod\/at\/json\/?ac=detail&pg={{page}}\n国产::https:\/\/shayuapi.com\/api.php\/provide\/vod\/at\/json\/?ac=detail&t=1&pg={{page}}\n精品::https:\/\/shayuapi.com\/api.php\/provide\/vod\/at\/json\/?ac=detail&t=31&pg={{page}}\n日无::https:\/\/shayuapi.com\/api.php\/provide\/vod\/at\/json\/?ac=detail&t=2&pg={{page}}\n日有::https:\/\/shayuapi.com\/api.php\/provide\/vod\/at\/json\/?ac=detail&t=3&pg={{page}}\n中字::https:\/\/shayuapi.com\/api.php\/provide\/vod\/at\/json\/?ac=detail&t=20&pg={{page}}\n主播::https:\/\/shayuapi.com\/api.php\/provide\/vod\/at\/json\/?ac=detail&t=21&pg={{page}}\n动漫::https:\/\/shayuapi.com\/api.php\/provide\/vod\/at\/json\/?ac=detail&t=22&pg={{page}}\n欧美::https:\/\/shayuapi.com\/api.php\/provide\/vod\/at\/json\/?ac=detail&t=23&pg={{page}}\n私拍::https:\/\/shayuapi.com\/api.php\/provide\/vod\/at\/json\/?ac=detail&t=24&pg={{page}}\n丝袜::https:\/\/shayuapi.com\/api.php\/provide\/vod\/at\/json\/?ac=detail&t=25&pg={{page}}\n人妻::https:\/\/shayuapi.com\/api.php\/provide\/vod\/at\/json\/?ac=detail&t=26&pg={{page}}\n韩国::https:\/\/shayuapi.com\/api.php\/provide\/vod\/at\/json\/?ac=detail&t=27&pg={{page}}\n香港::https:\/\/shayuapi.com\/api.php\/provide\/vod\/at\/json\/?ac=detail&t=28&pg={{page}}","rulePubDate":"$.vod_time","ruleImage":"$.vod_pic"},{"loadWithBaseUrl":true,"ruleNextPage":"<js>\r\nvar path1='http:\/\/meiyuns.com\/page\/';\r\nvar num1=Math.ceil(Math.random()*60);\r\nvar objk=path1+num1+'\/';\r\nresult=objk\r\n<\/js>","ruleLink":"class.bg-link@href","sourceIcon":"http:\/\/meiyuns.com\/wp-content\/uploads\/2021\/01\/cropped-meiyun_fang_512x512-32x32.png","sourceUrl":"http:\/\/meiyuns.com\/page\/{{Math.ceil(Math.random()*60)}}\/","articleStyle":2,"ruleTitle":"class.czr-title@text","sourceName":"媚韵","ruleContent":"class.czr-wp-the-content@tag.img@html","enabled":true,"ruleArticles":"class.row.grid__section.cols-3.grid-section-not-featured@tag.article","singleUrl":false,"rulePubDate":"","ruleImage":"tag.img@src","enableJs":true,"customOrder":12},{"enabled":true,"singleUrl":true,"sourceUrl":"legado:\/\/import\/httpTTS?src=https:\/\/shuyuan.miaogongzi.net\/shuyuan\/1644797231.json","sourceComment":"本源仅为方便普通人快速导入tts\n点击本订阅源>直接导入tts合集\ntts超多，你值得抱回家。\n百度tts必看\ntts  自行修改为   tts  ttn\npdf  值  220  自行修改为","articleStyle":0,"enableJs":true,"sourceIcon":"","sourceName":"在线tts合集(62个发音人>必看源注释)","loadWithBaseUrl":true,"customOrder":3}]