[{"update":1644235376.2986379,"url":"https:\/\/namofree.gitee.io\/yuedu3\/legado3_booksource_by_Namo.json","id":1644235376.2986369,"autoUpdate":false,"type":0,"customOrder":0,"name":"namo"},{"update":1644235391.217032,"url":"https:\/\/e-c.coding.net\/p\/yicheng\/d\/YD\/git\/raw\/master\/dy.json","id":1644235391.217031,"autoUpdate":false,"type":0,"customOrder":0,"name":"订阅源合集"},{"update":1644235431.2697968,"url":"https:\/\/e-c.coding.net\/p\/yicheng\/d\/YD\/git\/raw\/master\/sy.json","id":1644235431.2697959,"autoUpdate":false,"type":0,"customOrder":0,"name":"一程"},{"update":1644235477.191747,"url":"https:\/\/haxc.coding.net\/p\/booksrc\/d\/booksrc\/git\/raw\/master\/bookSource.json","id":1644235477.191746,"autoUpdate":false,"type":0,"customOrder":0,"name":"haxc漫画源"},{"update":1644235895.0896602,"url":"https:\/\/gitee.com\/tianyuzhange_admin\/fireworks-sources-recommend\/raw\/master\/boutique_source.json","id":1644235895.089659,"autoUpdate":false,"type":0,"customOrder":0,"name":"花火1"},{"update":1644236246.914686,"url":"https:\/\/pbpobing.coding.net\/p\/yueduyuan\/d\/sy\/git\/raw\/master\/audio_source.json","id":1644236246.914685,"autoUpdate":false,"type":0,"customOrder":0,"name":"破冰有声源"},{"update":1644236446.5106821,"url":"https:\/\/shuyuan.miaogongzi.net\/shuyuan\/1631713578.json","id":1644236446.5106812,"autoUpdate":false,"type":2,"customOrder":0,"name":"乌云净化"}]