[{"secondaryTextColor":"#666666","accentColor":"#4A90E2","tertiaryTextColor":"#999999","isNightTheme":false,"themeName":"系统"},{"isNightTheme":false,"bottomBackground":"#EEEEEE","accentColor":"#AD1457","primaryColor":"#03A9F4","secondaryTextColor":"#666666","tertiaryTextColor":"#999999","primaryTextColor":"#000000","backgroundColor":"#F5F5F5","themeName":"典雅蓝"},{"isNightTheme":true,"bottomBackground":"#424242","accentColor":"#E0E0E0","primaryColor":"#303030","secondaryTextColor":"#999999","tertiaryTextColor":"#666666","primaryTextColor":"#FFFFFF","backgroundColor":"#424242","themeName":"黑白"},{"isNightTheme":true,"bottomBackground":"#000000","accentColor":"#FFFFFF","primaryColor":"#000000","secondaryTextColor":"#999999","tertiaryTextColor":"#666666","primaryTextColor":"#FFFFFF","backgroundColor":"#000000","themeName":"A屏黑"}]